user_id,event_time,event_name,step_order,session_id
u0001,2026-04-01,signup,1,s0001
u0001,2026-04-01,workspace_created,2,s0001
u0001,2026-04-01,invite_sent,3,s0001
u0001,2026-04-01,project_created,4,s0001
u0001,2026-04-01,activated,5,s0001
u0002,2026-04-01,signup,1,s0002
u0002,2026-04-01,workspace_created,2,s0002
u0002,2026-04-01,invite_sent,3,s0002
u0002,2026-04-01,project_created,4,s0002
u0002,2026-04-01,activated,5,s0002
u0003,2026-04-01,signup,1,s0003
u0003,2026-04-01,workspace_created,2,s0003
u0003,2026-04-01,invite_sent,3,s0003
u0003,2026-04-01,project_created,4,s0003
u0003,2026-04-01,activated,5,s0003
u0004,2026-04-01,signup,1,s0004
u0004,2026-04-01,workspace_created,2,s0004
u0004,2026-04-01,invite_sent,3,s0004
u0004,2026-04-01,project_created,4,s0004
u0004,2026-04-01,activated,5,s0004
u0005,2026-04-01,signup,1,s0005
u0005,2026-04-01,workspace_created,2,s0005
u0005,2026-04-01,invite_sent,3,s0005
u0005,2026-04-01,project_created,4,s0005
u0005,2026-04-01,activated,5,s0005
u0006,2026-04-01,signup,1,s0006
u0006,2026-04-01,workspace_created,2,s0006
u0006,2026-04-01,invite_sent,3,s0006
u0006,2026-04-01,project_created,4,s0006
u0006,2026-04-01,activated,5,s0006
u0007,2026-04-01,signup,1,s0007
u0007,2026-04-01,workspace_created,2,s0007
u0007,2026-04-01,invite_sent,3,s0007
u0008,2026-04-01,signup,1,s0008
u0008,2026-04-01,workspace_created,2,s0008
u0008,2026-04-01,invite_sent,3,s0008
u0009,2026-04-01,signup,1,s0009
u0009,2026-04-01,workspace_created,2,s0009
u0009,2026-04-01,invite_sent,3,s0009
u0010,2026-04-01,signup,1,s0010
u0010,2026-04-01,workspace_created,2,s0010
u0010,2026-04-01,invite_sent,3,s0010
u0010,2026-04-01,project_created,4,s0010
u0010,2026-04-01,activated,5,s0010
u0011,2026-04-01,signup,1,s0011
u0011,2026-04-01,workspace_created,2,s0011
u0011,2026-04-01,invite_sent,3,s0011
u0011,2026-04-01,project_created,4,s0011
u0011,2026-04-01,activated,5,s0011
u0012,2026-04-01,signup,1,s0012
u0012,2026-04-01,workspace_created,2,s0012
u0012,2026-04-01,invite_sent,3,s0012
u0012,2026-04-01,project_created,4,s0012
u0012,2026-04-01,activated,5,s0012
u0013,2026-04-02,signup,1,s0013
u0013,2026-04-02,workspace_created,2,s0013
u0013,2026-04-02,invite_sent,3,s0013
u0013,2026-04-02,project_created,4,s0013
u0013,2026-04-02,activated,5,s0013
u0014,2026-04-02,signup,1,s0014
u0014,2026-04-02,workspace_created,2,s0014
u0014,2026-04-02,invite_sent,3,s0014
u0014,2026-04-02,project_created,4,s0014
u0014,2026-04-02,activated,5,s0014
u0015,2026-04-02,signup,1,s0015
u0015,2026-04-02,workspace_created,2,s0015
u0015,2026-04-02,invite_sent,3,s0015
u0015,2026-04-02,project_created,4,s0015
u0015,2026-04-02,activated,5,s0015
u0016,2026-04-02,signup,1,s0016
u0016,2026-04-02,workspace_created,2,s0016
u0016,2026-04-02,invite_sent,3,s0016
u0016,2026-04-02,project_created,4,s0016
u0016,2026-04-02,activated,5,s0016
u0017,2026-04-02,signup,1,s0017
u0017,2026-04-02,workspace_created,2,s0017
u0017,2026-04-02,invite_sent,3,s0017
u0018,2026-04-02,signup,1,s0018
u0018,2026-04-02,workspace_created,2,s0018
u0018,2026-04-02,invite_sent,3,s0018
u0019,2026-04-02,signup,1,s0019
u0019,2026-04-02,workspace_created,2,s0019
u0019,2026-04-02,invite_sent,3,s0019
u0020,2026-04-02,signup,1,s0020
u0020,2026-04-02,workspace_created,2,s0020
u0020,2026-04-02,invite_sent,3,s0020
u0020,2026-04-02,project_created,4,s0020
u0020,2026-04-02,activated,5,s0020
u0021,2026-04-02,signup,1,s0021
u0021,2026-04-02,workspace_created,2,s0021
u0021,2026-04-02,invite_sent,3,s0021
u0021,2026-04-02,project_created,4,s0021
u0021,2026-04-02,activated,5,s0021
u0022,2026-04-02,signup,1,s0022
u0022,2026-04-02,workspace_created,2,s0022
u0022,2026-04-02,invite_sent,3,s0022
u0022,2026-04-02,project_created,4,s0022
u0022,2026-04-02,activated,5,s0022
u0023,2026-04-02,signup,1,s0023
u0023,2026-04-02,workspace_created,2,s0023
u0023,2026-04-02,invite_sent,3,s0023
u0023,2026-04-02,project_created,4,s0023
u0023,2026-04-02,activated,5,s0023
u0024,2026-04-02,signup,1,s0024
u0024,2026-04-02,workspace_created,2,s0024
u0024,2026-04-02,invite_sent,3,s0024
u0024,2026-04-02,project_created,4,s0024
u0024,2026-04-02,activated,5,s0024
u0025,2026-04-03,signup,1,s0025
u0025,2026-04-03,workspace_created,2,s0025
u0025,2026-04-03,invite_sent,3,s0025
u0025,2026-04-03,project_created,4,s0025
u0025,2026-04-03,activated,5,s0025
u0026,2026-04-03,signup,1,s0026
u0026,2026-04-03,workspace_created,2,s0026
u0026,2026-04-03,invite_sent,3,s0026
u0026,2026-04-03,project_created,4,s0026
u0026,2026-04-03,activated,5,s0026
u0027,2026-04-03,signup,1,s0027
u0027,2026-04-03,workspace_created,2,s0027
u0027,2026-04-03,invite_sent,3,s0027
u0028,2026-04-03,signup,1,s0028
u0028,2026-04-03,workspace_created,2,s0028
u0028,2026-04-03,invite_sent,3,s0028
u0029,2026-04-03,signup,1,s0029
u0029,2026-04-03,workspace_created,2,s0029
u0029,2026-04-03,invite_sent,3,s0029
u0030,2026-04-03,signup,1,s0030
u0030,2026-04-03,workspace_created,2,s0030
u0030,2026-04-03,invite_sent,3,s0030
u0030,2026-04-03,project_created,4,s0030
u0030,2026-04-03,activated,5,s0030
u0031,2026-04-03,signup,1,s0031
u0031,2026-04-03,workspace_created,2,s0031
u0031,2026-04-03,invite_sent,3,s0031
u0031,2026-04-03,project_created,4,s0031
u0031,2026-04-03,activated,5,s0031
u0032,2026-04-03,signup,1,s0032
u0032,2026-04-03,workspace_created,2,s0032
u0032,2026-04-03,invite_sent,3,s0032
u0032,2026-04-03,project_created,4,s0032
u0032,2026-04-03,activated,5,s0032
u0033,2026-04-03,signup,1,s0033
u0033,2026-04-03,workspace_created,2,s0033
u0033,2026-04-03,invite_sent,3,s0033
u0033,2026-04-03,project_created,4,s0033
u0033,2026-04-03,activated,5,s0033
u0034,2026-04-03,signup,1,s0034
u0034,2026-04-03,workspace_created,2,s0034
u0034,2026-04-03,invite_sent,3,s0034
u0034,2026-04-03,project_created,4,s0034
u0034,2026-04-03,activated,5,s0034
u0035,2026-04-03,signup,1,s0035
u0035,2026-04-03,workspace_created,2,s0035
u0035,2026-04-03,invite_sent,3,s0035
u0035,2026-04-03,project_created,4,s0035
u0035,2026-04-03,activated,5,s0035
u0036,2026-04-03,signup,1,s0036
u0036,2026-04-03,workspace_created,2,s0036
u0036,2026-04-03,invite_sent,3,s0036
u0036,2026-04-03,project_created,4,s0036
u0036,2026-04-03,activated,5,s0036
u0037,2026-04-04,signup,1,s0037
u0037,2026-04-04,workspace_created,2,s0037
u0037,2026-04-04,invite_sent,3,s0037
u0038,2026-04-04,signup,1,s0038
u0038,2026-04-04,workspace_created,2,s0038
u0038,2026-04-04,invite_sent,3,s0038
u0039,2026-04-04,signup,1,s0039
u0039,2026-04-04,workspace_created,2,s0039
u0039,2026-04-04,invite_sent,3,s0039
u0040,2026-04-04,signup,1,s0040
u0040,2026-04-04,workspace_created,2,s0040
u0040,2026-04-04,invite_sent,3,s0040
u0040,2026-04-04,project_created,4,s0040
u0040,2026-04-04,activated,5,s0040
u0041,2026-04-04,signup,1,s0041
u0041,2026-04-04,workspace_created,2,s0041
u0041,2026-04-04,invite_sent,3,s0041
u0041,2026-04-04,project_created,4,s0041
u0041,2026-04-04,activated,5,s0041
u0042,2026-04-04,signup,1,s0042
u0042,2026-04-04,workspace_created,2,s0042
u0042,2026-04-04,invite_sent,3,s0042
u0042,2026-04-04,project_created,4,s0042
u0042,2026-04-04,activated,5,s0042
u0043,2026-04-04,signup,1,s0043
u0043,2026-04-04,workspace_created,2,s0043
u0043,2026-04-04,invite_sent,3,s0043
u0043,2026-04-04,project_created,4,s0043
u0043,2026-04-04,activated,5,s0043
u0044,2026-04-04,signup,1,s0044
u0044,2026-04-04,workspace_created,2,s0044
u0044,2026-04-04,invite_sent,3,s0044
u0044,2026-04-04,project_created,4,s0044
u0044,2026-04-04,activated,5,s0044
u0045,2026-04-04,signup,1,s0045
u0045,2026-04-04,workspace_created,2,s0045
u0045,2026-04-04,invite_sent,3,s0045
u0045,2026-04-04,project_created,4,s0045
u0045,2026-04-04,activated,5,s0045
u0046,2026-04-04,signup,1,s0046
u0046,2026-04-04,workspace_created,2,s0046
u0046,2026-04-04,invite_sent,3,s0046
u0046,2026-04-04,project_created,4,s0046
u0046,2026-04-04,activated,5,s0046
u0047,2026-04-04,signup,1,s0047
u0047,2026-04-04,workspace_created,2,s0047
u0047,2026-04-04,invite_sent,3,s0047
u0048,2026-04-04,signup,1,s0048
u0048,2026-04-04,workspace_created,2,s0048
u0048,2026-04-04,invite_sent,3,s0048
u0049,2026-04-05,signup,1,s0049
u0049,2026-04-05,workspace_created,2,s0049
u0049,2026-04-05,invite_sent,3,s0049
u0050,2026-04-05,signup,1,s0050
u0050,2026-04-05,workspace_created,2,s0050
u0050,2026-04-05,invite_sent,3,s0050
u0050,2026-04-05,project_created,4,s0050
u0050,2026-04-05,activated,5,s0050
u0051,2026-04-05,signup,1,s0051
u0051,2026-04-05,workspace_created,2,s0051
u0051,2026-04-05,invite_sent,3,s0051
u0051,2026-04-05,project_created,4,s0051
u0051,2026-04-05,activated,5,s0051
u0052,2026-04-05,signup,1,s0052
u0052,2026-04-05,workspace_created,2,s0052
u0052,2026-04-05,invite_sent,3,s0052
u0052,2026-04-05,project_created,4,s0052
u0052,2026-04-05,activated,5,s0052
u0053,2026-04-05,signup,1,s0053
u0053,2026-04-05,workspace_created,2,s0053
u0053,2026-04-05,invite_sent,3,s0053
u0053,2026-04-05,project_created,4,s0053
u0053,2026-04-05,activated,5,s0053
u0054,2026-04-05,signup,1,s0054
u0054,2026-04-05,workspace_created,2,s0054
u0054,2026-04-05,invite_sent,3,s0054
u0054,2026-04-05,project_created,4,s0054
u0054,2026-04-05,activated,5,s0054
u0055,2026-04-05,signup,1,s0055
u0055,2026-04-05,workspace_created,2,s0055
u0055,2026-04-05,invite_sent,3,s0055
u0055,2026-04-05,project_created,4,s0055
u0055,2026-04-05,activated,5,s0055
u0056,2026-04-05,signup,1,s0056
u0056,2026-04-05,workspace_created,2,s0056
u0056,2026-04-05,invite_sent,3,s0056
u0056,2026-04-05,project_created,4,s0056
u0056,2026-04-05,activated,5,s0056
u0057,2026-04-05,signup,1,s0057
u0057,2026-04-05,workspace_created,2,s0057
u0057,2026-04-05,invite_sent,3,s0057
u0058,2026-04-05,signup,1,s0058
u0058,2026-04-05,workspace_created,2,s0058
u0058,2026-04-05,invite_sent,3,s0058
u0059,2026-04-05,signup,1,s0059
u0059,2026-04-05,workspace_created,2,s0059
u0059,2026-04-05,invite_sent,3,s0059
u0060,2026-04-05,signup,1,s0060
u0060,2026-04-05,workspace_created,2,s0060
u0060,2026-04-05,invite_sent,3,s0060
u0060,2026-04-05,project_created,4,s0060
u0060,2026-04-05,activated,5,s0060
u0061,2026-04-06,signup,1,s0061
u0061,2026-04-06,workspace_created,2,s0061
u0061,2026-04-06,invite_sent,3,s0061
u0061,2026-04-06,project_created,4,s0061
u0061,2026-04-06,activated,5,s0061
u0062,2026-04-06,signup,1,s0062
u0062,2026-04-06,workspace_created,2,s0062
u0062,2026-04-06,invite_sent,3,s0062
u0062,2026-04-06,project_created,4,s0062
u0062,2026-04-06,activated,5,s0062
u0063,2026-04-06,signup,1,s0063
u0063,2026-04-06,workspace_created,2,s0063
u0063,2026-04-06,invite_sent,3,s0063
u0063,2026-04-06,project_created,4,s0063
u0063,2026-04-06,activated,5,s0063
u0064,2026-04-06,signup,1,s0064
u0064,2026-04-06,workspace_created,2,s0064
u0064,2026-04-06,invite_sent,3,s0064
u0064,2026-04-06,project_created,4,s0064
u0064,2026-04-06,activated,5,s0064
u0065,2026-04-06,signup,1,s0065
u0065,2026-04-06,workspace_created,2,s0065
u0065,2026-04-06,invite_sent,3,s0065
u0065,2026-04-06,project_created,4,s0065
u0065,2026-04-06,activated,5,s0065
u0066,2026-04-06,signup,1,s0066
u0066,2026-04-06,workspace_created,2,s0066
u0066,2026-04-06,invite_sent,3,s0066
u0066,2026-04-06,project_created,4,s0066
u0066,2026-04-06,activated,5,s0066
u0067,2026-04-06,signup,1,s0067
u0067,2026-04-06,workspace_created,2,s0067
u0067,2026-04-06,invite_sent,3,s0067
u0068,2026-04-06,signup,1,s0068
u0068,2026-04-06,workspace_created,2,s0068
u0068,2026-04-06,invite_sent,3,s0068
u0069,2026-04-06,signup,1,s0069
u0069,2026-04-06,workspace_created,2,s0069
u0069,2026-04-06,invite_sent,3,s0069
u0070,2026-04-06,signup,1,s0070
u0070,2026-04-06,workspace_created,2,s0070
u0070,2026-04-06,invite_sent,3,s0070
u0070,2026-04-06,project_created,4,s0070
u0070,2026-04-06,activated,5,s0070
u0071,2026-04-06,signup,1,s0071
u0071,2026-04-06,workspace_created,2,s0071
u0071,2026-04-06,invite_sent,3,s0071
u0071,2026-04-06,project_created,4,s0071
u0071,2026-04-06,activated,5,s0071
u0072,2026-04-06,signup,1,s0072
u0072,2026-04-06,workspace_created,2,s0072
u0072,2026-04-06,invite_sent,3,s0072
u0072,2026-04-06,project_created,4,s0072
u0072,2026-04-06,activated,5,s0072
u0073,2026-04-07,signup,1,s0073
u0073,2026-04-07,workspace_created,2,s0073
u0073,2026-04-07,invite_sent,3,s0073
u0073,2026-04-07,project_created,4,s0073
u0073,2026-04-07,activated,5,s0073
u0074,2026-04-07,signup,1,s0074
u0074,2026-04-07,workspace_created,2,s0074
u0074,2026-04-07,invite_sent,3,s0074
u0074,2026-04-07,project_created,4,s0074
u0074,2026-04-07,activated,5,s0074
u0075,2026-04-07,signup,1,s0075
u0075,2026-04-07,workspace_created,2,s0075
u0075,2026-04-07,invite_sent,3,s0075
u0075,2026-04-07,project_created,4,s0075
u0075,2026-04-07,activated,5,s0075
u0076,2026-04-07,signup,1,s0076
u0076,2026-04-07,workspace_created,2,s0076
u0076,2026-04-07,invite_sent,3,s0076
u0076,2026-04-07,project_created,4,s0076
u0076,2026-04-07,activated,5,s0076
u0077,2026-04-07,signup,1,s0077
u0077,2026-04-07,workspace_created,2,s0077
u0077,2026-04-07,invite_sent,3,s0077
u0078,2026-04-07,signup,1,s0078
u0078,2026-04-07,workspace_created,2,s0078
u0078,2026-04-07,invite_sent,3,s0078
u0079,2026-04-07,signup,1,s0079
u0079,2026-04-07,workspace_created,2,s0079
u0079,2026-04-07,invite_sent,3,s0079
u0080,2026-04-07,signup,1,s0080
u0080,2026-04-07,workspace_created,2,s0080
u0080,2026-04-07,invite_sent,3,s0080
u0080,2026-04-07,project_created,4,s0080
u0080,2026-04-07,activated,5,s0080
u0081,2026-04-07,signup,1,s0081
u0081,2026-04-07,workspace_created,2,s0081
u0081,2026-04-07,invite_sent,3,s0081
u0081,2026-04-07,project_created,4,s0081
u0081,2026-04-07,activated,5,s0081
u0082,2026-04-07,signup,1,s0082
u0082,2026-04-07,workspace_created,2,s0082
u0082,2026-04-07,invite_sent,3,s0082
u0082,2026-04-07,project_created,4,s0082
u0082,2026-04-07,activated,5,s0082
u0083,2026-04-07,signup,1,s0083
u0083,2026-04-07,workspace_created,2,s0083
u0083,2026-04-07,invite_sent,3,s0083
u0083,2026-04-07,project_created,4,s0083
u0083,2026-04-07,activated,5,s0083
u0084,2026-04-07,signup,1,s0084
u0084,2026-04-07,workspace_created,2,s0084
u0084,2026-04-07,invite_sent,3,s0084
u0084,2026-04-07,project_created,4,s0084
u0084,2026-04-07,activated,5,s0084
u0085,2026-04-08,signup,1,s0085
u0085,2026-04-08,workspace_created,2,s0085
u0085,2026-04-08,invite_sent,3,s0085
u0085,2026-04-08,project_created,4,s0085
u0085,2026-04-08,activated,5,s0085
u0086,2026-04-08,signup,1,s0086
u0086,2026-04-08,workspace_created,2,s0086
u0086,2026-04-08,invite_sent,3,s0086
u0086,2026-04-08,project_created,4,s0086
u0086,2026-04-08,activated,5,s0086
u0087,2026-04-08,signup,1,s0087
u0087,2026-04-08,workspace_created,2,s0087
u0087,2026-04-08,invite_sent,3,s0087
u0088,2026-04-08,signup,1,s0088
u0088,2026-04-08,workspace_created,2,s0088
u0088,2026-04-08,invite_sent,3,s0088
u0089,2026-04-08,signup,1,s0089
u0089,2026-04-08,workspace_created,2,s0089
u0089,2026-04-08,invite_sent,3,s0089
u0090,2026-04-08,signup,1,s0090
u0090,2026-04-08,workspace_created,2,s0090
u0090,2026-04-08,invite_sent,3,s0090
u0090,2026-04-08,project_created,4,s0090
u0090,2026-04-08,activated,5,s0090
u0091,2026-04-08,signup,1,s0091
u0091,2026-04-08,workspace_created,2,s0091
u0091,2026-04-08,invite_sent,3,s0091
u0091,2026-04-08,project_created,4,s0091
u0091,2026-04-08,activated,5,s0091
u0092,2026-04-08,signup,1,s0092
u0092,2026-04-08,workspace_created,2,s0092
u0092,2026-04-08,invite_sent,3,s0092
u0092,2026-04-08,project_created,4,s0092
u0092,2026-04-08,activated,5,s0092
u0093,2026-04-08,signup,1,s0093
u0093,2026-04-08,workspace_created,2,s0093
u0093,2026-04-08,invite_sent,3,s0093
u0093,2026-04-08,project_created,4,s0093
u0093,2026-04-08,activated,5,s0093
u0094,2026-04-08,signup,1,s0094
u0094,2026-04-08,workspace_created,2,s0094
u0094,2026-04-08,invite_sent,3,s0094
u0094,2026-04-08,project_created,4,s0094
u0094,2026-04-08,activated,5,s0094
u0095,2026-04-08,signup,1,s0095
u0095,2026-04-08,workspace_created,2,s0095
u0095,2026-04-08,invite_sent,3,s0095
u0095,2026-04-08,project_created,4,s0095
u0095,2026-04-08,activated,5,s0095
u0096,2026-04-08,signup,1,s0096
u0096,2026-04-08,workspace_created,2,s0096
u0096,2026-04-08,invite_sent,3,s0096
u0096,2026-04-08,project_created,4,s0096
u0096,2026-04-08,activated,5,s0096
u0097,2026-04-09,signup,1,s0097
u0097,2026-04-09,workspace_created,2,s0097
u0097,2026-04-09,invite_sent,3,s0097
u0098,2026-04-09,signup,1,s0098
u0098,2026-04-09,workspace_created,2,s0098
u0098,2026-04-09,invite_sent,3,s0098
u0099,2026-04-09,signup,1,s0099
u0099,2026-04-09,workspace_created,2,s0099
u0099,2026-04-09,invite_sent,3,s0099
u0100,2026-04-09,signup,1,s0100
u0100,2026-04-09,workspace_created,2,s0100
u0100,2026-04-09,invite_sent,3,s0100
u0100,2026-04-09,project_created,4,s0100
u0100,2026-04-09,activated,5,s0100
u0101,2026-04-09,signup,1,s0101
u0101,2026-04-09,workspace_created,2,s0101
u0101,2026-04-09,invite_sent,3,s0101
u0101,2026-04-09,project_created,4,s0101
u0101,2026-04-09,activated,5,s0101
u0102,2026-04-09,signup,1,s0102
u0102,2026-04-09,workspace_created,2,s0102
u0102,2026-04-09,invite_sent,3,s0102
u0102,2026-04-09,project_created,4,s0102
u0102,2026-04-09,activated,5,s0102
u0103,2026-04-09,signup,1,s0103
u0103,2026-04-09,workspace_created,2,s0103
u0103,2026-04-09,invite_sent,3,s0103
u0103,2026-04-09,project_created,4,s0103
u0103,2026-04-09,activated,5,s0103
u0104,2026-04-09,signup,1,s0104
u0104,2026-04-09,workspace_created,2,s0104
u0104,2026-04-09,invite_sent,3,s0104
u0104,2026-04-09,project_created,4,s0104
u0104,2026-04-09,activated,5,s0104
u0105,2026-04-09,signup,1,s0105
u0105,2026-04-09,workspace_created,2,s0105
u0105,2026-04-09,invite_sent,3,s0105
u0105,2026-04-09,project_created,4,s0105
u0105,2026-04-09,activated,5,s0105
u0106,2026-04-09,signup,1,s0106
u0106,2026-04-09,workspace_created,2,s0106
u0106,2026-04-09,invite_sent,3,s0106
u0106,2026-04-09,project_created,4,s0106
u0106,2026-04-09,activated,5,s0106
u0107,2026-04-09,signup,1,s0107
u0107,2026-04-09,workspace_created,2,s0107
u0107,2026-04-09,invite_sent,3,s0107
u0108,2026-04-09,signup,1,s0108
u0108,2026-04-09,workspace_created,2,s0108
u0108,2026-04-09,invite_sent,3,s0108
u0109,2026-04-10,signup,1,s0109
u0109,2026-04-10,workspace_created,2,s0109
u0109,2026-04-10,invite_sent,3,s0109
u0110,2026-04-10,signup,1,s0110
u0110,2026-04-10,workspace_created,2,s0110
u0110,2026-04-10,invite_sent,3,s0110
u0110,2026-04-10,project_created,4,s0110
u0110,2026-04-10,activated,5,s0110
u0111,2026-04-10,signup,1,s0111
u0111,2026-04-10,workspace_created,2,s0111
u0111,2026-04-10,invite_sent,3,s0111
u0111,2026-04-10,project_created,4,s0111
u0111,2026-04-10,activated,5,s0111
u0112,2026-04-10,signup,1,s0112
u0112,2026-04-10,workspace_created,2,s0112
u0112,2026-04-10,invite_sent,3,s0112
u0112,2026-04-10,project_created,4,s0112
u0112,2026-04-10,activated,5,s0112
u0113,2026-04-10,signup,1,s0113
u0113,2026-04-10,workspace_created,2,s0113
u0113,2026-04-10,invite_sent,3,s0113
u0113,2026-04-10,project_created,4,s0113
u0113,2026-04-10,activated,5,s0113
u0114,2026-04-10,signup,1,s0114
u0114,2026-04-10,workspace_created,2,s0114
u0114,2026-04-10,invite_sent,3,s0114
u0114,2026-04-10,project_created,4,s0114
u0114,2026-04-10,activated,5,s0114
u0115,2026-04-10,signup,1,s0115
u0115,2026-04-10,workspace_created,2,s0115
u0115,2026-04-10,invite_sent,3,s0115
u0115,2026-04-10,project_created,4,s0115
u0115,2026-04-10,activated,5,s0115
u0116,2026-04-10,signup,1,s0116
u0116,2026-04-10,workspace_created,2,s0116
u0116,2026-04-10,invite_sent,3,s0116
u0116,2026-04-10,project_created,4,s0116
u0116,2026-04-10,activated,5,s0116
u0117,2026-04-10,signup,1,s0117
u0117,2026-04-10,workspace_created,2,s0117
u0117,2026-04-10,invite_sent,3,s0117
u0118,2026-04-10,signup,1,s0118
u0118,2026-04-10,workspace_created,2,s0118
u0118,2026-04-10,invite_sent,3,s0118
u0119,2026-04-10,signup,1,s0119
u0119,2026-04-10,workspace_created,2,s0119
u0119,2026-04-10,invite_sent,3,s0119
u0120,2026-04-10,signup,1,s0120
u0120,2026-04-10,workspace_created,2,s0120
u0120,2026-04-10,invite_sent,3,s0120
u0120,2026-04-10,project_created,4,s0120
u0120,2026-04-10,activated,5,s0120
u0121,2026-04-11,signup,1,s0121
u0121,2026-04-11,workspace_created,2,s0121
u0121,2026-04-11,invite_sent,3,s0121
u0121,2026-04-11,project_created,4,s0121
u0121,2026-04-11,activated,5,s0121
u0122,2026-04-11,signup,1,s0122
u0122,2026-04-11,workspace_created,2,s0122
u0122,2026-04-11,invite_sent,3,s0122
u0122,2026-04-11,project_created,4,s0122
u0122,2026-04-11,activated,5,s0122
u0123,2026-04-11,signup,1,s0123
u0123,2026-04-11,workspace_created,2,s0123
u0123,2026-04-11,invite_sent,3,s0123
u0123,2026-04-11,project_created,4,s0123
u0123,2026-04-11,activated,5,s0123
u0124,2026-04-11,signup,1,s0124
u0124,2026-04-11,workspace_created,2,s0124
u0124,2026-04-11,invite_sent,3,s0124
u0124,2026-04-11,project_created,4,s0124
u0124,2026-04-11,activated,5,s0124
u0125,2026-04-11,signup,1,s0125
u0125,2026-04-11,workspace_created,2,s0125
u0125,2026-04-11,invite_sent,3,s0125
u0125,2026-04-11,project_created,4,s0125
u0125,2026-04-11,activated,5,s0125
u0126,2026-04-11,signup,1,s0126
u0126,2026-04-11,workspace_created,2,s0126
u0126,2026-04-11,invite_sent,3,s0126
u0126,2026-04-11,project_created,4,s0126
u0126,2026-04-11,activated,5,s0126
u0127,2026-04-11,signup,1,s0127
u0127,2026-04-11,workspace_created,2,s0127
u0127,2026-04-11,invite_sent,3,s0127
u0128,2026-04-11,signup,1,s0128
u0128,2026-04-11,workspace_created,2,s0128
u0128,2026-04-11,invite_sent,3,s0128
u0129,2026-04-11,signup,1,s0129
u0129,2026-04-11,workspace_created,2,s0129
u0129,2026-04-11,invite_sent,3,s0129
u0130,2026-04-11,signup,1,s0130
u0130,2026-04-11,workspace_created,2,s0130
u0130,2026-04-11,invite_sent,3,s0130
u0130,2026-04-11,project_created,4,s0130
u0130,2026-04-11,activated,5,s0130
u0131,2026-04-11,signup,1,s0131
u0131,2026-04-11,workspace_created,2,s0131
u0131,2026-04-11,invite_sent,3,s0131
u0131,2026-04-11,project_created,4,s0131
u0131,2026-04-11,activated,5,s0131
u0132,2026-04-11,signup,1,s0132
u0132,2026-04-11,workspace_created,2,s0132
u0132,2026-04-11,invite_sent,3,s0132
u0132,2026-04-11,project_created,4,s0132
u0132,2026-04-11,activated,5,s0132
u0133,2026-04-12,signup,1,s0133
u0133,2026-04-12,workspace_created,2,s0133
u0133,2026-04-12,invite_sent,3,s0133
u0133,2026-04-12,project_created,4,s0133
u0133,2026-04-12,activated,5,s0133
u0134,2026-04-12,signup,1,s0134
u0134,2026-04-12,workspace_created,2,s0134
u0134,2026-04-12,invite_sent,3,s0134
u0134,2026-04-12,project_created,4,s0134
u0134,2026-04-12,activated,5,s0134
u0135,2026-04-12,signup,1,s0135
u0135,2026-04-12,workspace_created,2,s0135
u0135,2026-04-12,invite_sent,3,s0135
u0135,2026-04-12,project_created,4,s0135
u0135,2026-04-12,activated,5,s0135
u0136,2026-04-12,signup,1,s0136
u0136,2026-04-12,workspace_created,2,s0136
u0136,2026-04-12,invite_sent,3,s0136
u0136,2026-04-12,project_created,4,s0136
u0136,2026-04-12,activated,5,s0136
u0137,2026-04-12,signup,1,s0137
u0137,2026-04-12,workspace_created,2,s0137
u0137,2026-04-12,invite_sent,3,s0137
u0138,2026-04-12,signup,1,s0138
u0138,2026-04-12,workspace_created,2,s0138
u0138,2026-04-12,invite_sent,3,s0138
u0139,2026-04-12,signup,1,s0139
u0139,2026-04-12,workspace_created,2,s0139
u0139,2026-04-12,invite_sent,3,s0139
u0140,2026-04-12,signup,1,s0140
u0140,2026-04-12,workspace_created,2,s0140
u0140,2026-04-12,invite_sent,3,s0140
u0140,2026-04-12,project_created,4,s0140
u0140,2026-04-12,activated,5,s0140
u0141,2026-04-12,signup,1,s0141
u0141,2026-04-12,workspace_created,2,s0141
u0141,2026-04-12,invite_sent,3,s0141
u0141,2026-04-12,project_created,4,s0141
u0141,2026-04-12,activated,5,s0141
u0142,2026-04-12,signup,1,s0142
u0142,2026-04-12,workspace_created,2,s0142
u0142,2026-04-12,invite_sent,3,s0142
u0142,2026-04-12,project_created,4,s0142
u0142,2026-04-12,activated,5,s0142
u0143,2026-04-12,signup,1,s0143
u0143,2026-04-12,workspace_created,2,s0143
u0143,2026-04-12,invite_sent,3,s0143
u0143,2026-04-12,project_created,4,s0143
u0143,2026-04-12,activated,5,s0143
u0144,2026-04-12,signup,1,s0144
u0144,2026-04-12,workspace_created,2,s0144
u0144,2026-04-12,invite_sent,3,s0144
u0144,2026-04-12,project_created,4,s0144
u0144,2026-04-12,activated,5,s0144
u0145,2026-04-13,signup,1,s0145
u0145,2026-04-13,workspace_created,2,s0145
u0145,2026-04-13,invite_sent,3,s0145
u0145,2026-04-13,project_created,4,s0145
u0145,2026-04-13,activated,5,s0145
u0146,2026-04-13,signup,1,s0146
u0146,2026-04-13,workspace_created,2,s0146
u0146,2026-04-13,invite_sent,3,s0146
u0146,2026-04-13,project_created,4,s0146
u0146,2026-04-13,activated,5,s0146
u0147,2026-04-13,signup,1,s0147
u0147,2026-04-13,workspace_created,2,s0147
u0147,2026-04-13,invite_sent,3,s0147
u0148,2026-04-13,signup,1,s0148
u0148,2026-04-13,workspace_created,2,s0148
u0148,2026-04-13,invite_sent,3,s0148
u0149,2026-04-13,signup,1,s0149
u0149,2026-04-13,workspace_created,2,s0149
u0149,2026-04-13,invite_sent,3,s0149
u0150,2026-04-13,signup,1,s0150
u0150,2026-04-13,workspace_created,2,s0150
u0150,2026-04-13,invite_sent,3,s0150
u0150,2026-04-13,project_created,4,s0150
u0150,2026-04-13,activated,5,s0150
u0151,2026-04-13,signup,1,s0151
u0151,2026-04-13,workspace_created,2,s0151
u0151,2026-04-13,invite_sent,3,s0151
u0151,2026-04-13,project_created,4,s0151
u0151,2026-04-13,activated,5,s0151
u0152,2026-04-13,signup,1,s0152
u0152,2026-04-13,workspace_created,2,s0152
u0152,2026-04-13,invite_sent,3,s0152
u0152,2026-04-13,project_created,4,s0152
u0152,2026-04-13,activated,5,s0152
u0153,2026-04-13,signup,1,s0153
u0153,2026-04-13,workspace_created,2,s0153
u0153,2026-04-13,invite_sent,3,s0153
u0153,2026-04-13,project_created,4,s0153
u0153,2026-04-13,activated,5,s0153
u0154,2026-04-13,signup,1,s0154
u0154,2026-04-13,workspace_created,2,s0154
u0154,2026-04-13,invite_sent,3,s0154
u0154,2026-04-13,project_created,4,s0154
u0154,2026-04-13,activated,5,s0154
u0155,2026-04-13,signup,1,s0155
u0155,2026-04-13,workspace_created,2,s0155
u0155,2026-04-13,invite_sent,3,s0155
u0155,2026-04-13,project_created,4,s0155
u0155,2026-04-13,activated,5,s0155
u0156,2026-04-13,signup,1,s0156
u0156,2026-04-13,workspace_created,2,s0156
u0156,2026-04-13,invite_sent,3,s0156
u0156,2026-04-13,project_created,4,s0156
u0156,2026-04-13,activated,5,s0156
u0157,2026-04-14,signup,1,s0157
u0157,2026-04-14,workspace_created,2,s0157
u0157,2026-04-14,invite_sent,3,s0157
u0158,2026-04-14,signup,1,s0158
u0158,2026-04-14,workspace_created,2,s0158
u0158,2026-04-14,invite_sent,3,s0158
u0159,2026-04-14,signup,1,s0159
u0159,2026-04-14,workspace_created,2,s0159
u0159,2026-04-14,invite_sent,3,s0159
u0160,2026-04-14,signup,1,s0160
u0160,2026-04-14,workspace_created,2,s0160
u0160,2026-04-14,invite_sent,3,s0160
u0160,2026-04-14,project_created,4,s0160
u0160,2026-04-14,activated,5,s0160
u0161,2026-04-14,signup,1,s0161
u0161,2026-04-14,workspace_created,2,s0161
u0161,2026-04-14,invite_sent,3,s0161
u0161,2026-04-14,project_created,4,s0161
u0161,2026-04-14,activated,5,s0161
u0162,2026-04-14,signup,1,s0162
u0162,2026-04-14,workspace_created,2,s0162
u0162,2026-04-14,invite_sent,3,s0162
u0162,2026-04-14,project_created,4,s0162
u0162,2026-04-14,activated,5,s0162
u0163,2026-04-14,signup,1,s0163
u0163,2026-04-14,workspace_created,2,s0163
u0163,2026-04-14,invite_sent,3,s0163
u0163,2026-04-14,project_created,4,s0163
u0163,2026-04-14,activated,5,s0163
u0164,2026-04-14,signup,1,s0164
u0164,2026-04-14,workspace_created,2,s0164
u0164,2026-04-14,invite_sent,3,s0164
u0164,2026-04-14,project_created,4,s0164
u0164,2026-04-14,activated,5,s0164
u0165,2026-04-14,signup,1,s0165
u0165,2026-04-14,workspace_created,2,s0165
u0165,2026-04-14,invite_sent,3,s0165
u0165,2026-04-14,project_created,4,s0165
u0165,2026-04-14,activated,5,s0165
u0166,2026-04-14,signup,1,s0166
u0166,2026-04-14,workspace_created,2,s0166
u0166,2026-04-14,invite_sent,3,s0166
u0166,2026-04-14,project_created,4,s0166
u0166,2026-04-14,activated,5,s0166
u0167,2026-04-14,signup,1,s0167
u0167,2026-04-14,workspace_created,2,s0167
u0167,2026-04-14,invite_sent,3,s0167
u0168,2026-04-14,signup,1,s0168
u0168,2026-04-14,workspace_created,2,s0168
u0168,2026-04-14,invite_sent,3,s0168
u0169,2026-04-15,signup,1,s0169
u0169,2026-04-15,workspace_created,2,s0169
u0169,2026-04-15,invite_sent,3,s0169
u0170,2026-04-15,signup,1,s0170
u0170,2026-04-15,workspace_created,2,s0170
u0170,2026-04-15,invite_sent,3,s0170
u0170,2026-04-15,project_created,4,s0170
u0170,2026-04-15,activated,5,s0170
u0171,2026-04-15,signup,1,s0171
u0171,2026-04-15,workspace_created,2,s0171
u0171,2026-04-15,invite_sent,3,s0171
u0171,2026-04-15,project_created,4,s0171
u0171,2026-04-15,activated,5,s0171
u0172,2026-04-15,signup,1,s0172
u0172,2026-04-15,workspace_created,2,s0172
u0172,2026-04-15,invite_sent,3,s0172
u0172,2026-04-15,project_created,4,s0172
u0172,2026-04-15,activated,5,s0172
u0173,2026-04-15,signup,1,s0173
u0173,2026-04-15,workspace_created,2,s0173
u0173,2026-04-15,invite_sent,3,s0173
u0173,2026-04-15,project_created,4,s0173
u0173,2026-04-15,activated,5,s0173
u0174,2026-04-15,signup,1,s0174
u0174,2026-04-15,workspace_created,2,s0174
u0174,2026-04-15,invite_sent,3,s0174
u0174,2026-04-15,project_created,4,s0174
u0174,2026-04-15,activated,5,s0174
u0175,2026-04-15,signup,1,s0175
u0175,2026-04-15,workspace_created,2,s0175
u0175,2026-04-15,invite_sent,3,s0175
u0175,2026-04-15,project_created,4,s0175
u0175,2026-04-15,activated,5,s0175
u0176,2026-04-15,signup,1,s0176
u0176,2026-04-15,workspace_created,2,s0176
u0176,2026-04-15,invite_sent,3,s0176
u0176,2026-04-15,project_created,4,s0176
u0176,2026-04-15,activated,5,s0176
u0177,2026-04-15,signup,1,s0177
u0177,2026-04-15,workspace_created,2,s0177
u0177,2026-04-15,invite_sent,3,s0177
u0178,2026-04-15,signup,1,s0178
u0178,2026-04-15,workspace_created,2,s0178
u0178,2026-04-15,invite_sent,3,s0178
u0179,2026-04-15,signup,1,s0179
u0179,2026-04-15,workspace_created,2,s0179
u0179,2026-04-15,invite_sent,3,s0179
u0180,2026-04-15,signup,1,s0180
u0180,2026-04-15,workspace_created,2,s0180
u0180,2026-04-15,invite_sent,3,s0180
u0180,2026-04-15,project_created,4,s0180
u0180,2026-04-15,activated,5,s0180
u0181,2026-04-16,signup,1,s0181
u0181,2026-04-16,workspace_created,2,s0181
u0181,2026-04-16,invite_sent,3,s0181
u0181,2026-04-16,project_created,4,s0181
u0181,2026-04-16,activated,5,s0181
u0182,2026-04-16,signup,1,s0182
u0182,2026-04-16,workspace_created,2,s0182
u0182,2026-04-16,invite_sent,3,s0182
u0182,2026-04-16,project_created,4,s0182
u0182,2026-04-16,activated,5,s0182
u0183,2026-04-16,signup,1,s0183
u0183,2026-04-16,workspace_created,2,s0183
u0183,2026-04-16,invite_sent,3,s0183
u0183,2026-04-16,project_created,4,s0183
u0183,2026-04-16,activated,5,s0183
u0184,2026-04-16,signup,1,s0184
u0184,2026-04-16,workspace_created,2,s0184
u0184,2026-04-16,invite_sent,3,s0184
u0184,2026-04-16,project_created,4,s0184
u0184,2026-04-16,activated,5,s0184
u0185,2026-04-16,signup,1,s0185
u0185,2026-04-16,workspace_created,2,s0185
u0185,2026-04-16,invite_sent,3,s0185
u0185,2026-04-16,project_created,4,s0185
u0185,2026-04-16,activated,5,s0185
u0186,2026-04-16,signup,1,s0186
u0186,2026-04-16,workspace_created,2,s0186
u0186,2026-04-16,invite_sent,3,s0186
u0186,2026-04-16,project_created,4,s0186
u0186,2026-04-16,activated,5,s0186
u0187,2026-04-16,signup,1,s0187
u0187,2026-04-16,workspace_created,2,s0187
u0187,2026-04-16,invite_sent,3,s0187
u0188,2026-04-16,signup,1,s0188
u0188,2026-04-16,workspace_created,2,s0188
u0188,2026-04-16,invite_sent,3,s0188
u0189,2026-04-16,signup,1,s0189
u0189,2026-04-16,workspace_created,2,s0189
u0189,2026-04-16,invite_sent,3,s0189
u0190,2026-04-16,signup,1,s0190
u0190,2026-04-16,workspace_created,2,s0190
u0190,2026-04-16,invite_sent,3,s0190
u0190,2026-04-16,project_created,4,s0190
u0190,2026-04-16,activated,5,s0190
u0191,2026-04-16,signup,1,s0191
u0191,2026-04-16,workspace_created,2,s0191
u0191,2026-04-16,invite_sent,3,s0191
u0191,2026-04-16,project_created,4,s0191
u0191,2026-04-16,activated,5,s0191
u0192,2026-04-16,signup,1,s0192
u0192,2026-04-16,workspace_created,2,s0192
u0192,2026-04-16,invite_sent,3,s0192
u0192,2026-04-16,project_created,4,s0192
u0192,2026-04-16,activated,5,s0192
u0193,2026-04-17,signup,1,s0193
u0193,2026-04-17,workspace_created,2,s0193
u0193,2026-04-17,invite_sent,3,s0193
u0193,2026-04-17,project_created,4,s0193
u0193,2026-04-17,activated,5,s0193
u0194,2026-04-17,signup,1,s0194
u0194,2026-04-17,workspace_created,2,s0194
u0194,2026-04-17,invite_sent,3,s0194
u0194,2026-04-17,project_created,4,s0194
u0194,2026-04-17,activated,5,s0194
u0195,2026-04-17,signup,1,s0195
u0195,2026-04-17,workspace_created,2,s0195
u0195,2026-04-17,invite_sent,3,s0195
u0195,2026-04-17,project_created,4,s0195
u0195,2026-04-17,activated,5,s0195
u0196,2026-04-17,signup,1,s0196
u0196,2026-04-17,workspace_created,2,s0196
u0196,2026-04-17,invite_sent,3,s0196
u0196,2026-04-17,project_created,4,s0196
u0196,2026-04-17,activated,5,s0196
u0197,2026-04-17,signup,1,s0197
u0197,2026-04-17,workspace_created,2,s0197
u0197,2026-04-17,invite_sent,3,s0197
u0198,2026-04-17,signup,1,s0198
u0198,2026-04-17,workspace_created,2,s0198
u0198,2026-04-17,invite_sent,3,s0198
u0199,2026-04-17,signup,1,s0199
u0199,2026-04-17,workspace_created,2,s0199
u0199,2026-04-17,invite_sent,3,s0199
u0200,2026-04-17,signup,1,s0200
u0200,2026-04-17,workspace_created,2,s0200
u0200,2026-04-17,invite_sent,3,s0200
u0200,2026-04-17,project_created,4,s0200
u0200,2026-04-17,activated,5,s0200
u0201,2026-04-17,signup,1,s0201
u0201,2026-04-17,workspace_created,2,s0201
u0201,2026-04-17,invite_sent,3,s0201
u0201,2026-04-17,project_created,4,s0201
u0201,2026-04-17,activated,5,s0201
u0202,2026-04-17,signup,1,s0202
u0202,2026-04-17,workspace_created,2,s0202
u0202,2026-04-17,invite_sent,3,s0202
u0202,2026-04-17,project_created,4,s0202
u0202,2026-04-17,activated,5,s0202
u0203,2026-04-17,signup,1,s0203
u0203,2026-04-17,workspace_created,2,s0203
u0203,2026-04-17,invite_sent,3,s0203
u0203,2026-04-17,project_created,4,s0203
u0203,2026-04-17,activated,5,s0203
u0204,2026-04-17,signup,1,s0204
u0204,2026-04-17,workspace_created,2,s0204
u0204,2026-04-17,invite_sent,3,s0204
u0204,2026-04-17,project_created,4,s0204
u0204,2026-04-17,activated,5,s0204
u0205,2026-04-18,signup,1,s0205
u0205,2026-04-18,workspace_created,2,s0205
u0205,2026-04-18,invite_sent,3,s0205
u0205,2026-04-18,project_created,4,s0205
u0205,2026-04-18,activated,5,s0205
u0206,2026-04-18,signup,1,s0206
u0206,2026-04-18,workspace_created,2,s0206
u0206,2026-04-18,invite_sent,3,s0206
u0206,2026-04-18,project_created,4,s0206
u0206,2026-04-18,activated,5,s0206
u0207,2026-04-18,signup,1,s0207
u0207,2026-04-18,workspace_created,2,s0207
u0207,2026-04-18,invite_sent,3,s0207
u0208,2026-04-18,signup,1,s0208
u0208,2026-04-18,workspace_created,2,s0208
u0208,2026-04-18,invite_sent,3,s0208
u0209,2026-04-18,signup,1,s0209
u0209,2026-04-18,workspace_created,2,s0209
u0209,2026-04-18,invite_sent,3,s0209
u0210,2026-04-18,signup,1,s0210
u0210,2026-04-18,workspace_created,2,s0210
u0210,2026-04-18,invite_sent,3,s0210
u0210,2026-04-18,project_created,4,s0210
u0210,2026-04-18,activated,5,s0210
u0211,2026-04-18,signup,1,s0211
u0211,2026-04-18,workspace_created,2,s0211
u0211,2026-04-18,invite_sent,3,s0211
u0211,2026-04-18,project_created,4,s0211
u0211,2026-04-18,activated,5,s0211
u0212,2026-04-18,signup,1,s0212
u0212,2026-04-18,workspace_created,2,s0212
u0212,2026-04-18,invite_sent,3,s0212
u0212,2026-04-18,project_created,4,s0212
u0212,2026-04-18,activated,5,s0212
u0213,2026-04-18,signup,1,s0213
u0213,2026-04-18,workspace_created,2,s0213
u0213,2026-04-18,invite_sent,3,s0213
u0213,2026-04-18,project_created,4,s0213
u0213,2026-04-18,activated,5,s0213
u0214,2026-04-18,signup,1,s0214
u0214,2026-04-18,workspace_created,2,s0214
u0214,2026-04-18,invite_sent,3,s0214
u0214,2026-04-18,project_created,4,s0214
u0214,2026-04-18,activated,5,s0214
u0215,2026-04-18,signup,1,s0215
u0215,2026-04-18,workspace_created,2,s0215
u0215,2026-04-18,invite_sent,3,s0215
u0215,2026-04-18,project_created,4,s0215
u0215,2026-04-18,activated,5,s0215
u0216,2026-04-18,signup,1,s0216
u0216,2026-04-18,workspace_created,2,s0216
u0216,2026-04-18,invite_sent,3,s0216
u0216,2026-04-18,project_created,4,s0216
u0216,2026-04-18,activated,5,s0216
u0217,2026-04-19,signup,1,s0217
u0217,2026-04-19,workspace_created,2,s0217
u0217,2026-04-19,invite_sent,3,s0217
u0218,2026-04-19,signup,1,s0218
u0218,2026-04-19,workspace_created,2,s0218
u0218,2026-04-19,invite_sent,3,s0218
u0219,2026-04-19,signup,1,s0219
u0219,2026-04-19,workspace_created,2,s0219
u0219,2026-04-19,invite_sent,3,s0219
u0220,2026-04-19,signup,1,s0220
u0220,2026-04-19,workspace_created,2,s0220
u0220,2026-04-19,invite_sent,3,s0220
u0220,2026-04-19,project_created,4,s0220
u0220,2026-04-19,activated,5,s0220
u0221,2026-04-19,signup,1,s0221
u0221,2026-04-19,workspace_created,2,s0221
u0221,2026-04-19,invite_sent,3,s0221
u0221,2026-04-19,project_created,4,s0221
u0221,2026-04-19,activated,5,s0221
u0222,2026-04-19,signup,1,s0222
u0222,2026-04-19,workspace_created,2,s0222
u0222,2026-04-19,invite_sent,3,s0222
u0222,2026-04-19,project_created,4,s0222
u0222,2026-04-19,activated,5,s0222
u0223,2026-04-19,signup,1,s0223
u0223,2026-04-19,workspace_created,2,s0223
u0223,2026-04-19,invite_sent,3,s0223
u0223,2026-04-19,project_created,4,s0223
u0223,2026-04-19,activated,5,s0223
u0224,2026-04-19,signup,1,s0224
u0224,2026-04-19,workspace_created,2,s0224
u0224,2026-04-19,invite_sent,3,s0224
u0224,2026-04-19,project_created,4,s0224
u0224,2026-04-19,activated,5,s0224
u0225,2026-04-19,signup,1,s0225
u0225,2026-04-19,workspace_created,2,s0225
u0225,2026-04-19,invite_sent,3,s0225
u0225,2026-04-19,project_created,4,s0225
u0225,2026-04-19,activated,5,s0225
u0226,2026-04-19,signup,1,s0226
u0226,2026-04-19,workspace_created,2,s0226
u0226,2026-04-19,invite_sent,3,s0226
u0226,2026-04-19,project_created,4,s0226
u0226,2026-04-19,activated,5,s0226
u0227,2026-04-19,signup,1,s0227
u0227,2026-04-19,workspace_created,2,s0227
u0227,2026-04-19,invite_sent,3,s0227
u0228,2026-04-19,signup,1,s0228
u0228,2026-04-19,workspace_created,2,s0228
u0228,2026-04-19,invite_sent,3,s0228
u0229,2026-04-20,signup,1,s0229
u0229,2026-04-20,workspace_created,2,s0229
u0229,2026-04-20,invite_sent,3,s0229
u0230,2026-04-20,signup,1,s0230
u0230,2026-04-20,workspace_created,2,s0230
u0230,2026-04-20,invite_sent,3,s0230
u0230,2026-04-20,project_created,4,s0230
u0230,2026-04-20,activated,5,s0230
u0231,2026-04-20,signup,1,s0231
u0231,2026-04-20,workspace_created,2,s0231
u0231,2026-04-20,invite_sent,3,s0231
u0231,2026-04-20,project_created,4,s0231
u0231,2026-04-20,activated,5,s0231
u0232,2026-04-20,signup,1,s0232
u0232,2026-04-20,workspace_created,2,s0232
u0232,2026-04-20,invite_sent,3,s0232
u0232,2026-04-20,project_created,4,s0232
u0232,2026-04-20,activated,5,s0232
u0233,2026-04-20,signup,1,s0233
u0233,2026-04-20,workspace_created,2,s0233
u0233,2026-04-20,invite_sent,3,s0233
u0233,2026-04-20,project_created,4,s0233
u0233,2026-04-20,activated,5,s0233
u0234,2026-04-20,signup,1,s0234
u0234,2026-04-20,workspace_created,2,s0234
u0234,2026-04-20,invite_sent,3,s0234
u0234,2026-04-20,project_created,4,s0234
u0234,2026-04-20,activated,5,s0234
u0235,2026-04-20,signup,1,s0235
u0235,2026-04-20,workspace_created,2,s0235
u0235,2026-04-20,invite_sent,3,s0235
u0235,2026-04-20,project_created,4,s0235
u0235,2026-04-20,activated,5,s0235
u0236,2026-04-20,signup,1,s0236
u0236,2026-04-20,workspace_created,2,s0236
u0236,2026-04-20,invite_sent,3,s0236
u0236,2026-04-20,project_created,4,s0236
u0236,2026-04-20,activated,5,s0236
u0237,2026-04-20,signup,1,s0237
u0237,2026-04-20,workspace_created,2,s0237
u0237,2026-04-20,invite_sent,3,s0237
u0238,2026-04-20,signup,1,s0238
u0238,2026-04-20,workspace_created,2,s0238
u0238,2026-04-20,invite_sent,3,s0238
u0239,2026-04-20,signup,1,s0239
u0239,2026-04-20,workspace_created,2,s0239
u0239,2026-04-20,invite_sent,3,s0239
u0240,2026-04-20,signup,1,s0240
u0240,2026-04-20,workspace_created,2,s0240
u0240,2026-04-20,invite_sent,3,s0240
u0240,2026-04-20,project_created,4,s0240
u0240,2026-04-20,activated,5,s0240
u0241,2026-05-01,signup,1,s0241
u0241,2026-05-01,workspace_created,2,s0241
u0241,2026-05-01,invite_sent,3,s0241
u0241,2026-05-01,project_created,4,s0241
u0241,2026-05-01,activated,5,s0241
u0242,2026-05-01,signup,1,s0242
u0242,2026-05-01,workspace_created,2,s0242
u0242,2026-05-01,invite_sent,3,s0242
u0242,2026-05-01,project_created,4,s0242
u0242,2026-05-01,activated,5,s0242
u0243,2026-05-01,signup,1,s0243
u0243,2026-05-01,workspace_created,2,s0243
u0243,2026-05-01,invite_sent,3,s0243
u0243,2026-05-01,project_created,4,s0243
u0243,2026-05-01,activated,5,s0243
u0244,2026-05-01,signup,1,s0244
u0244,2026-05-01,workspace_created,2,s0244
u0244,2026-05-01,invite_sent,3,s0244
u0244,2026-05-01,project_created,4,s0244
u0244,2026-05-01,activated,5,s0244
u0245,2026-05-01,signup,1,s0245
u0245,2026-05-01,workspace_created,2,s0245
u0245,2026-05-01,invite_sent,3,s0245
u0245,2026-05-01,project_created,4,s0245
u0245,2026-05-01,activated,5,s0245
u0246,2026-05-01,signup,1,s0246
u0246,2026-05-01,workspace_created,2,s0246
u0246,2026-05-01,invite_sent,3,s0246
u0246,2026-05-01,project_created,4,s0246
u0246,2026-05-01,activated,5,s0246
u0247,2026-05-01,signup,1,s0247
u0247,2026-05-01,workspace_created,2,s0247
u0247,2026-05-01,invite_sent,3,s0247
u0248,2026-05-01,signup,1,s0248
u0248,2026-05-01,workspace_created,2,s0248
u0248,2026-05-01,invite_sent,3,s0248
u0249,2026-05-01,signup,1,s0249
u0249,2026-05-01,workspace_created,2,s0249
u0250,2026-05-01,signup,1,s0250
u0250,2026-05-01,workspace_created,2,s0250
u0250,2026-05-01,invite_sent,3,s0250
u0250,2026-05-01,project_created,4,s0250
u0250,2026-05-01,activated,5,s0250
u0251,2026-05-01,signup,1,s0251
u0251,2026-05-01,workspace_created,2,s0251
u0251,2026-05-01,invite_sent,3,s0251
u0251,2026-05-01,project_created,4,s0251
u0251,2026-05-01,activated,5,s0251
u0252,2026-05-01,signup,1,s0252
u0252,2026-05-01,workspace_created,2,s0252
u0252,2026-05-01,invite_sent,3,s0252
u0252,2026-05-01,project_created,4,s0252
u0252,2026-05-01,activated,5,s0252
u0253,2026-05-02,signup,1,s0253
u0253,2026-05-02,workspace_created,2,s0253
u0253,2026-05-02,invite_sent,3,s0253
u0253,2026-05-02,project_created,4,s0253
u0253,2026-05-02,activated,5,s0253
u0254,2026-05-02,signup,1,s0254
u0254,2026-05-02,workspace_created,2,s0254
u0254,2026-05-02,invite_sent,3,s0254
u0254,2026-05-02,project_created,4,s0254
u0254,2026-05-02,activated,5,s0254
u0255,2026-05-02,signup,1,s0255
u0255,2026-05-02,workspace_created,2,s0255
u0255,2026-05-02,invite_sent,3,s0255
u0255,2026-05-02,project_created,4,s0255
u0255,2026-05-02,activated,5,s0255
u0256,2026-05-02,signup,1,s0256
u0256,2026-05-02,workspace_created,2,s0256
u0256,2026-05-02,invite_sent,3,s0256
u0256,2026-05-02,project_created,4,s0256
u0256,2026-05-02,activated,5,s0256
u0257,2026-05-02,signup,1,s0257
u0257,2026-05-02,workspace_created,2,s0257
u0257,2026-05-02,invite_sent,3,s0257
u0258,2026-05-02,signup,1,s0258
u0258,2026-05-02,workspace_created,2,s0258
u0258,2026-05-02,invite_sent,3,s0258
u0259,2026-05-02,signup,1,s0259
u0259,2026-05-02,workspace_created,2,s0259
u0259,2026-05-02,invite_sent,3,s0259
u0260,2026-05-02,signup,1,s0260
u0260,2026-05-02,workspace_created,2,s0260
u0260,2026-05-02,invite_sent,3,s0260
u0260,2026-05-02,project_created,4,s0260
u0260,2026-05-02,activated,5,s0260
u0261,2026-05-02,signup,1,s0261
u0261,2026-05-02,workspace_created,2,s0261
u0261,2026-05-02,invite_sent,3,s0261
u0261,2026-05-02,project_created,4,s0261
u0261,2026-05-02,activated,5,s0261
u0262,2026-05-02,signup,1,s0262
u0262,2026-05-02,workspace_created,2,s0262
u0262,2026-05-02,invite_sent,3,s0262
u0262,2026-05-02,project_created,4,s0262
u0262,2026-05-02,activated,5,s0262
u0263,2026-05-02,signup,1,s0263
u0263,2026-05-02,workspace_created,2,s0263
u0263,2026-05-02,invite_sent,3,s0263
u0263,2026-05-02,project_created,4,s0263
u0263,2026-05-02,activated,5,s0263
u0264,2026-05-02,signup,1,s0264
u0264,2026-05-02,workspace_created,2,s0264
u0265,2026-05-03,signup,1,s0265
u0265,2026-05-03,workspace_created,2,s0265
u0265,2026-05-03,invite_sent,3,s0265
u0265,2026-05-03,project_created,4,s0265
u0265,2026-05-03,activated,5,s0265
u0266,2026-05-03,signup,1,s0266
u0266,2026-05-03,workspace_created,2,s0266
u0266,2026-05-03,invite_sent,3,s0266
u0266,2026-05-03,project_created,4,s0266
u0266,2026-05-03,activated,5,s0266
u0267,2026-05-03,signup,1,s0267
u0267,2026-05-03,workspace_created,2,s0267
u0267,2026-05-03,invite_sent,3,s0267
u0268,2026-05-03,signup,1,s0268
u0268,2026-05-03,workspace_created,2,s0268
u0268,2026-05-03,invite_sent,3,s0268
u0269,2026-05-03,signup,1,s0269
u0269,2026-05-03,workspace_created,2,s0269
u0269,2026-05-03,invite_sent,3,s0269
u0270,2026-05-03,signup,1,s0270
u0270,2026-05-03,workspace_created,2,s0270
u0270,2026-05-03,invite_sent,3,s0270
u0270,2026-05-03,project_created,4,s0270
u0270,2026-05-03,activated,5,s0270
u0271,2026-05-03,signup,1,s0271
u0271,2026-05-03,workspace_created,2,s0271
u0271,2026-05-03,invite_sent,3,s0271
u0271,2026-05-03,project_created,4,s0271
u0271,2026-05-03,activated,5,s0271
u0272,2026-05-03,signup,1,s0272
u0272,2026-05-03,workspace_created,2,s0272
u0272,2026-05-03,invite_sent,3,s0272
u0272,2026-05-03,project_created,4,s0272
u0272,2026-05-03,activated,5,s0272
u0273,2026-05-03,signup,1,s0273
u0273,2026-05-03,workspace_created,2,s0273
u0274,2026-05-03,signup,1,s0274
u0274,2026-05-03,workspace_created,2,s0274
u0274,2026-05-03,invite_sent,3,s0274
u0274,2026-05-03,project_created,4,s0274
u0274,2026-05-03,activated,5,s0274
u0275,2026-05-03,signup,1,s0275
u0275,2026-05-03,workspace_created,2,s0275
u0275,2026-05-03,invite_sent,3,s0275
u0275,2026-05-03,project_created,4,s0275
u0275,2026-05-03,activated,5,s0275
u0276,2026-05-03,signup,1,s0276
u0276,2026-05-03,workspace_created,2,s0276
u0277,2026-05-04,signup,1,s0277
u0277,2026-05-04,workspace_created,2,s0277
u0277,2026-05-04,invite_sent,3,s0277
u0278,2026-05-04,signup,1,s0278
u0278,2026-05-04,workspace_created,2,s0278
u0278,2026-05-04,invite_sent,3,s0278
u0279,2026-05-04,signup,1,s0279
u0279,2026-05-04,workspace_created,2,s0279
u0279,2026-05-04,invite_sent,3,s0279
u0280,2026-05-04,signup,1,s0280
u0280,2026-05-04,workspace_created,2,s0280
u0280,2026-05-04,invite_sent,3,s0280
u0280,2026-05-04,project_created,4,s0280
u0280,2026-05-04,activated,5,s0280
u0281,2026-05-04,signup,1,s0281
u0281,2026-05-04,workspace_created,2,s0281
u0281,2026-05-04,invite_sent,3,s0281
u0281,2026-05-04,project_created,4,s0281
u0281,2026-05-04,activated,5,s0281
u0282,2026-05-04,signup,1,s0282
u0282,2026-05-04,workspace_created,2,s0282
u0282,2026-05-04,invite_sent,3,s0282
u0282,2026-05-04,project_created,4,s0282
u0282,2026-05-04,activated,5,s0282
u0283,2026-05-04,signup,1,s0283
u0283,2026-05-04,workspace_created,2,s0283
u0283,2026-05-04,invite_sent,3,s0283
u0283,2026-05-04,project_created,4,s0283
u0283,2026-05-04,activated,5,s0283
u0284,2026-05-04,signup,1,s0284
u0284,2026-05-04,workspace_created,2,s0284
u0284,2026-05-04,invite_sent,3,s0284
u0284,2026-05-04,project_created,4,s0284
u0284,2026-05-04,activated,5,s0284
u0285,2026-05-04,signup,1,s0285
u0285,2026-05-04,workspace_created,2,s0285
u0286,2026-05-04,signup,1,s0286
u0286,2026-05-04,workspace_created,2,s0286
u0286,2026-05-04,invite_sent,3,s0286
u0286,2026-05-04,project_created,4,s0286
u0286,2026-05-04,activated,5,s0286
u0287,2026-05-04,signup,1,s0287
u0287,2026-05-04,workspace_created,2,s0287
u0287,2026-05-04,invite_sent,3,s0287
u0288,2026-05-04,signup,1,s0288
u0288,2026-05-04,workspace_created,2,s0288
u0289,2026-05-05,signup,1,s0289
u0289,2026-05-05,workspace_created,2,s0289
u0289,2026-05-05,invite_sent,3,s0289
u0290,2026-05-05,signup,1,s0290
u0290,2026-05-05,workspace_created,2,s0290
u0290,2026-05-05,invite_sent,3,s0290
u0290,2026-05-05,project_created,4,s0290
u0290,2026-05-05,activated,5,s0290
u0291,2026-05-05,signup,1,s0291
u0291,2026-05-05,workspace_created,2,s0291
u0291,2026-05-05,invite_sent,3,s0291
u0291,2026-05-05,project_created,4,s0291
u0291,2026-05-05,activated,5,s0291
u0292,2026-05-05,signup,1,s0292
u0292,2026-05-05,workspace_created,2,s0292
u0292,2026-05-05,invite_sent,3,s0292
u0292,2026-05-05,project_created,4,s0292
u0292,2026-05-05,activated,5,s0292
u0293,2026-05-05,signup,1,s0293
u0293,2026-05-05,workspace_created,2,s0293
u0293,2026-05-05,invite_sent,3,s0293
u0293,2026-05-05,project_created,4,s0293
u0293,2026-05-05,activated,5,s0293
u0294,2026-05-05,signup,1,s0294
u0294,2026-05-05,workspace_created,2,s0294
u0294,2026-05-05,invite_sent,3,s0294
u0294,2026-05-05,project_created,4,s0294
u0294,2026-05-05,activated,5,s0294
u0295,2026-05-05,signup,1,s0295
u0295,2026-05-05,workspace_created,2,s0295
u0295,2026-05-05,invite_sent,3,s0295
u0295,2026-05-05,project_created,4,s0295
u0295,2026-05-05,activated,5,s0295
u0296,2026-05-05,signup,1,s0296
u0296,2026-05-05,workspace_created,2,s0296
u0296,2026-05-05,invite_sent,3,s0296
u0296,2026-05-05,project_created,4,s0296
u0296,2026-05-05,activated,5,s0296
u0297,2026-05-05,signup,1,s0297
u0297,2026-05-05,workspace_created,2,s0297
u0298,2026-05-05,signup,1,s0298
u0298,2026-05-05,workspace_created,2,s0298
u0298,2026-05-05,invite_sent,3,s0298
u0299,2026-05-05,signup,1,s0299
u0299,2026-05-05,workspace_created,2,s0299
u0299,2026-05-05,invite_sent,3,s0299
u0300,2026-05-05,signup,1,s0300
u0300,2026-05-05,workspace_created,2,s0300
u0300,2026-05-05,invite_sent,3,s0300
u0300,2026-05-05,project_created,4,s0300
u0300,2026-05-05,activated,5,s0300
u0301,2026-05-06,signup,1,s0301
u0301,2026-05-06,workspace_created,2,s0301
u0301,2026-05-06,invite_sent,3,s0301
u0301,2026-05-06,project_created,4,s0301
u0301,2026-05-06,activated,5,s0301
u0302,2026-05-06,signup,1,s0302
u0302,2026-05-06,workspace_created,2,s0302
u0302,2026-05-06,invite_sent,3,s0302
u0302,2026-05-06,project_created,4,s0302
u0302,2026-05-06,activated,5,s0302
u0303,2026-05-06,signup,1,s0303
u0303,2026-05-06,workspace_created,2,s0303
u0303,2026-05-06,invite_sent,3,s0303
u0303,2026-05-06,project_created,4,s0303
u0303,2026-05-06,activated,5,s0303
u0304,2026-05-06,signup,1,s0304
u0304,2026-05-06,workspace_created,2,s0304
u0304,2026-05-06,invite_sent,3,s0304
u0304,2026-05-06,project_created,4,s0304
u0304,2026-05-06,activated,5,s0304
u0305,2026-05-06,signup,1,s0305
u0305,2026-05-06,workspace_created,2,s0305
u0305,2026-05-06,invite_sent,3,s0305
u0305,2026-05-06,project_created,4,s0305
u0305,2026-05-06,activated,5,s0305
u0306,2026-05-06,signup,1,s0306
u0306,2026-05-06,workspace_created,2,s0306
u0306,2026-05-06,invite_sent,3,s0306
u0306,2026-05-06,project_created,4,s0306
u0306,2026-05-06,activated,5,s0306
u0307,2026-05-06,signup,1,s0307
u0307,2026-05-06,workspace_created,2,s0307
u0307,2026-05-06,invite_sent,3,s0307
u0308,2026-05-06,signup,1,s0308
u0308,2026-05-06,workspace_created,2,s0308
u0308,2026-05-06,invite_sent,3,s0308
u0309,2026-05-06,signup,1,s0309
u0309,2026-05-06,workspace_created,2,s0309
u0310,2026-05-06,signup,1,s0310
u0310,2026-05-06,workspace_created,2,s0310
u0310,2026-05-06,invite_sent,3,s0310
u0310,2026-05-06,project_created,4,s0310
u0310,2026-05-06,activated,5,s0310
u0311,2026-05-06,signup,1,s0311
u0311,2026-05-06,workspace_created,2,s0311
u0311,2026-05-06,invite_sent,3,s0311
u0311,2026-05-06,project_created,4,s0311
u0311,2026-05-06,activated,5,s0311
u0312,2026-05-06,signup,1,s0312
u0312,2026-05-06,workspace_created,2,s0312
u0312,2026-05-06,invite_sent,3,s0312
u0312,2026-05-06,project_created,4,s0312
u0312,2026-05-06,activated,5,s0312
u0313,2026-05-07,signup,1,s0313
u0313,2026-05-07,workspace_created,2,s0313
u0313,2026-05-07,invite_sent,3,s0313
u0313,2026-05-07,project_created,4,s0313
u0313,2026-05-07,activated,5,s0313
u0314,2026-05-07,signup,1,s0314
u0314,2026-05-07,workspace_created,2,s0314
u0314,2026-05-07,invite_sent,3,s0314
u0314,2026-05-07,project_created,4,s0314
u0314,2026-05-07,activated,5,s0314
u0315,2026-05-07,signup,1,s0315
u0315,2026-05-07,workspace_created,2,s0315
u0315,2026-05-07,invite_sent,3,s0315
u0315,2026-05-07,project_created,4,s0315
u0315,2026-05-07,activated,5,s0315
u0316,2026-05-07,signup,1,s0316
u0316,2026-05-07,workspace_created,2,s0316
u0316,2026-05-07,invite_sent,3,s0316
u0316,2026-05-07,project_created,4,s0316
u0316,2026-05-07,activated,5,s0316
u0317,2026-05-07,signup,1,s0317
u0317,2026-05-07,workspace_created,2,s0317
u0317,2026-05-07,invite_sent,3,s0317
u0318,2026-05-07,signup,1,s0318
u0318,2026-05-07,workspace_created,2,s0318
u0318,2026-05-07,invite_sent,3,s0318
u0319,2026-05-07,signup,1,s0319
u0319,2026-05-07,workspace_created,2,s0319
u0319,2026-05-07,invite_sent,3,s0319
u0320,2026-05-07,signup,1,s0320
u0320,2026-05-07,workspace_created,2,s0320
u0320,2026-05-07,invite_sent,3,s0320
u0320,2026-05-07,project_created,4,s0320
u0320,2026-05-07,activated,5,s0320
u0321,2026-05-07,signup,1,s0321
u0321,2026-05-07,workspace_created,2,s0321
u0321,2026-05-07,invite_sent,3,s0321
u0321,2026-05-07,project_created,4,s0321
u0321,2026-05-07,activated,5,s0321
u0322,2026-05-07,signup,1,s0322
u0322,2026-05-07,workspace_created,2,s0322
u0322,2026-05-07,invite_sent,3,s0322
u0322,2026-05-07,project_created,4,s0322
u0322,2026-05-07,activated,5,s0322
u0323,2026-05-07,signup,1,s0323
u0323,2026-05-07,workspace_created,2,s0323
u0323,2026-05-07,invite_sent,3,s0323
u0323,2026-05-07,project_created,4,s0323
u0323,2026-05-07,activated,5,s0323
u0324,2026-05-07,signup,1,s0324
u0324,2026-05-07,workspace_created,2,s0324
u0325,2026-05-08,signup,1,s0325
u0325,2026-05-08,workspace_created,2,s0325
u0325,2026-05-08,invite_sent,3,s0325
u0325,2026-05-08,project_created,4,s0325
u0325,2026-05-08,activated,5,s0325
u0326,2026-05-08,signup,1,s0326
u0326,2026-05-08,workspace_created,2,s0326
u0326,2026-05-08,invite_sent,3,s0326
u0326,2026-05-08,project_created,4,s0326
u0326,2026-05-08,activated,5,s0326
u0327,2026-05-08,signup,1,s0327
u0327,2026-05-08,workspace_created,2,s0327
u0327,2026-05-08,invite_sent,3,s0327
u0328,2026-05-08,signup,1,s0328
u0328,2026-05-08,workspace_created,2,s0328
u0328,2026-05-08,invite_sent,3,s0328
u0329,2026-05-08,signup,1,s0329
u0329,2026-05-08,workspace_created,2,s0329
u0329,2026-05-08,invite_sent,3,s0329
u0330,2026-05-08,signup,1,s0330
u0330,2026-05-08,workspace_created,2,s0330
u0330,2026-05-08,invite_sent,3,s0330
u0330,2026-05-08,project_created,4,s0330
u0330,2026-05-08,activated,5,s0330
u0331,2026-05-08,signup,1,s0331
u0331,2026-05-08,workspace_created,2,s0331
u0331,2026-05-08,invite_sent,3,s0331
u0331,2026-05-08,project_created,4,s0331
u0331,2026-05-08,activated,5,s0331
u0332,2026-05-08,signup,1,s0332
u0332,2026-05-08,workspace_created,2,s0332
u0332,2026-05-08,invite_sent,3,s0332
u0332,2026-05-08,project_created,4,s0332
u0332,2026-05-08,activated,5,s0332
u0333,2026-05-08,signup,1,s0333
u0333,2026-05-08,workspace_created,2,s0333
u0334,2026-05-08,signup,1,s0334
u0334,2026-05-08,workspace_created,2,s0334
u0334,2026-05-08,invite_sent,3,s0334
u0334,2026-05-08,project_created,4,s0334
u0334,2026-05-08,activated,5,s0334
u0335,2026-05-08,signup,1,s0335
u0335,2026-05-08,workspace_created,2,s0335
u0335,2026-05-08,invite_sent,3,s0335
u0335,2026-05-08,project_created,4,s0335
u0335,2026-05-08,activated,5,s0335
u0336,2026-05-08,signup,1,s0336
u0336,2026-05-08,workspace_created,2,s0336
u0337,2026-05-09,signup,1,s0337
u0337,2026-05-09,workspace_created,2,s0337
u0337,2026-05-09,invite_sent,3,s0337
u0338,2026-05-09,signup,1,s0338
u0338,2026-05-09,workspace_created,2,s0338
u0338,2026-05-09,invite_sent,3,s0338
u0339,2026-05-09,signup,1,s0339
u0339,2026-05-09,workspace_created,2,s0339
u0339,2026-05-09,invite_sent,3,s0339
u0340,2026-05-09,signup,1,s0340
u0340,2026-05-09,workspace_created,2,s0340
u0340,2026-05-09,invite_sent,3,s0340
u0340,2026-05-09,project_created,4,s0340
u0340,2026-05-09,activated,5,s0340
u0341,2026-05-09,signup,1,s0341
u0341,2026-05-09,workspace_created,2,s0341
u0341,2026-05-09,invite_sent,3,s0341
u0341,2026-05-09,project_created,4,s0341
u0341,2026-05-09,activated,5,s0341
u0342,2026-05-09,signup,1,s0342
u0342,2026-05-09,workspace_created,2,s0342
u0342,2026-05-09,invite_sent,3,s0342
u0342,2026-05-09,project_created,4,s0342
u0342,2026-05-09,activated,5,s0342
u0343,2026-05-09,signup,1,s0343
u0343,2026-05-09,workspace_created,2,s0343
u0343,2026-05-09,invite_sent,3,s0343
u0343,2026-05-09,project_created,4,s0343
u0343,2026-05-09,activated,5,s0343
u0344,2026-05-09,signup,1,s0344
u0344,2026-05-09,workspace_created,2,s0344
u0344,2026-05-09,invite_sent,3,s0344
u0344,2026-05-09,project_created,4,s0344
u0344,2026-05-09,activated,5,s0344
u0345,2026-05-09,signup,1,s0345
u0345,2026-05-09,workspace_created,2,s0345
u0346,2026-05-09,signup,1,s0346
u0346,2026-05-09,workspace_created,2,s0346
u0346,2026-05-09,invite_sent,3,s0346
u0346,2026-05-09,project_created,4,s0346
u0346,2026-05-09,activated,5,s0346
u0347,2026-05-09,signup,1,s0347
u0347,2026-05-09,workspace_created,2,s0347
u0347,2026-05-09,invite_sent,3,s0347
u0348,2026-05-09,signup,1,s0348
u0348,2026-05-09,workspace_created,2,s0348
u0349,2026-05-10,signup,1,s0349
u0349,2026-05-10,workspace_created,2,s0349
u0349,2026-05-10,invite_sent,3,s0349
u0350,2026-05-10,signup,1,s0350
u0350,2026-05-10,workspace_created,2,s0350
u0350,2026-05-10,invite_sent,3,s0350
u0350,2026-05-10,project_created,4,s0350
u0350,2026-05-10,activated,5,s0350
u0351,2026-05-10,signup,1,s0351
u0351,2026-05-10,workspace_created,2,s0351
u0351,2026-05-10,invite_sent,3,s0351
u0351,2026-05-10,project_created,4,s0351
u0351,2026-05-10,activated,5,s0351
u0352,2026-05-10,signup,1,s0352
u0352,2026-05-10,workspace_created,2,s0352
u0352,2026-05-10,invite_sent,3,s0352
u0352,2026-05-10,project_created,4,s0352
u0352,2026-05-10,activated,5,s0352
u0353,2026-05-10,signup,1,s0353
u0353,2026-05-10,workspace_created,2,s0353
u0353,2026-05-10,invite_sent,3,s0353
u0353,2026-05-10,project_created,4,s0353
u0353,2026-05-10,activated,5,s0353
u0354,2026-05-10,signup,1,s0354
u0354,2026-05-10,workspace_created,2,s0354
u0354,2026-05-10,invite_sent,3,s0354
u0354,2026-05-10,project_created,4,s0354
u0354,2026-05-10,activated,5,s0354
u0355,2026-05-10,signup,1,s0355
u0355,2026-05-10,workspace_created,2,s0355
u0355,2026-05-10,invite_sent,3,s0355
u0355,2026-05-10,project_created,4,s0355
u0355,2026-05-10,activated,5,s0355
u0356,2026-05-10,signup,1,s0356
u0356,2026-05-10,workspace_created,2,s0356
u0356,2026-05-10,invite_sent,3,s0356
u0356,2026-05-10,project_created,4,s0356
u0356,2026-05-10,activated,5,s0356
u0357,2026-05-10,signup,1,s0357
u0357,2026-05-10,workspace_created,2,s0357
u0358,2026-05-10,signup,1,s0358
u0358,2026-05-10,workspace_created,2,s0358
u0358,2026-05-10,invite_sent,3,s0358
u0359,2026-05-10,signup,1,s0359
u0359,2026-05-10,workspace_created,2,s0359
u0359,2026-05-10,invite_sent,3,s0359
u0360,2026-05-10,signup,1,s0360
u0360,2026-05-10,workspace_created,2,s0360
u0360,2026-05-10,invite_sent,3,s0360
u0360,2026-05-10,project_created,4,s0360
u0360,2026-05-10,activated,5,s0360
u0361,2026-05-11,signup,1,s0361
u0361,2026-05-11,workspace_created,2,s0361
u0361,2026-05-11,invite_sent,3,s0361
u0361,2026-05-11,project_created,4,s0361
u0361,2026-05-11,activated,5,s0361
u0362,2026-05-11,signup,1,s0362
u0362,2026-05-11,workspace_created,2,s0362
u0362,2026-05-11,invite_sent,3,s0362
u0362,2026-05-11,project_created,4,s0362
u0362,2026-05-11,activated,5,s0362
u0363,2026-05-11,signup,1,s0363
u0363,2026-05-11,workspace_created,2,s0363
u0363,2026-05-11,invite_sent,3,s0363
u0363,2026-05-11,project_created,4,s0363
u0363,2026-05-11,activated,5,s0363
u0364,2026-05-11,signup,1,s0364
u0364,2026-05-11,workspace_created,2,s0364
u0364,2026-05-11,invite_sent,3,s0364
u0364,2026-05-11,project_created,4,s0364
u0364,2026-05-11,activated,5,s0364
u0365,2026-05-11,signup,1,s0365
u0365,2026-05-11,workspace_created,2,s0365
u0365,2026-05-11,invite_sent,3,s0365
u0365,2026-05-11,project_created,4,s0365
u0365,2026-05-11,activated,5,s0365
u0366,2026-05-11,signup,1,s0366
u0366,2026-05-11,workspace_created,2,s0366
u0366,2026-05-11,invite_sent,3,s0366
u0366,2026-05-11,project_created,4,s0366
u0366,2026-05-11,activated,5,s0366
u0367,2026-05-11,signup,1,s0367
u0367,2026-05-11,workspace_created,2,s0367
u0367,2026-05-11,invite_sent,3,s0367
u0368,2026-05-11,signup,1,s0368
u0368,2026-05-11,workspace_created,2,s0368
u0368,2026-05-11,invite_sent,3,s0368
u0369,2026-05-11,signup,1,s0369
u0369,2026-05-11,workspace_created,2,s0369
u0370,2026-05-11,signup,1,s0370
u0370,2026-05-11,workspace_created,2,s0370
u0370,2026-05-11,invite_sent,3,s0370
u0370,2026-05-11,project_created,4,s0370
u0370,2026-05-11,activated,5,s0370
u0371,2026-05-11,signup,1,s0371
u0371,2026-05-11,workspace_created,2,s0371
u0371,2026-05-11,invite_sent,3,s0371
u0371,2026-05-11,project_created,4,s0371
u0371,2026-05-11,activated,5,s0371
u0372,2026-05-11,signup,1,s0372
u0372,2026-05-11,workspace_created,2,s0372
u0372,2026-05-11,invite_sent,3,s0372
u0372,2026-05-11,project_created,4,s0372
u0372,2026-05-11,activated,5,s0372
u0373,2026-05-12,signup,1,s0373
u0373,2026-05-12,workspace_created,2,s0373
u0373,2026-05-12,invite_sent,3,s0373
u0373,2026-05-12,project_created,4,s0373
u0373,2026-05-12,activated,5,s0373
u0374,2026-05-12,signup,1,s0374
u0374,2026-05-12,workspace_created,2,s0374
u0374,2026-05-12,invite_sent,3,s0374
u0374,2026-05-12,project_created,4,s0374
u0374,2026-05-12,activated,5,s0374
u0375,2026-05-12,signup,1,s0375
u0375,2026-05-12,workspace_created,2,s0375
u0375,2026-05-12,invite_sent,3,s0375
u0375,2026-05-12,project_created,4,s0375
u0375,2026-05-12,activated,5,s0375
u0376,2026-05-12,signup,1,s0376
u0376,2026-05-12,workspace_created,2,s0376
u0376,2026-05-12,invite_sent,3,s0376
u0376,2026-05-12,project_created,4,s0376
u0376,2026-05-12,activated,5,s0376
u0377,2026-05-12,signup,1,s0377
u0377,2026-05-12,workspace_created,2,s0377
u0377,2026-05-12,invite_sent,3,s0377
u0378,2026-05-12,signup,1,s0378
u0378,2026-05-12,workspace_created,2,s0378
u0378,2026-05-12,invite_sent,3,s0378
u0379,2026-05-12,signup,1,s0379
u0379,2026-05-12,workspace_created,2,s0379
u0379,2026-05-12,invite_sent,3,s0379
u0380,2026-05-12,signup,1,s0380
u0380,2026-05-12,workspace_created,2,s0380
u0380,2026-05-12,invite_sent,3,s0380
u0380,2026-05-12,project_created,4,s0380
u0380,2026-05-12,activated,5,s0380
u0381,2026-05-12,signup,1,s0381
u0381,2026-05-12,workspace_created,2,s0381
u0381,2026-05-12,invite_sent,3,s0381
u0381,2026-05-12,project_created,4,s0381
u0381,2026-05-12,activated,5,s0381
u0382,2026-05-12,signup,1,s0382
u0382,2026-05-12,workspace_created,2,s0382
u0382,2026-05-12,invite_sent,3,s0382
u0382,2026-05-12,project_created,4,s0382
u0382,2026-05-12,activated,5,s0382
u0383,2026-05-12,signup,1,s0383
u0383,2026-05-12,workspace_created,2,s0383
u0383,2026-05-12,invite_sent,3,s0383
u0383,2026-05-12,project_created,4,s0383
u0383,2026-05-12,activated,5,s0383
u0384,2026-05-12,signup,1,s0384
u0384,2026-05-12,workspace_created,2,s0384
u0385,2026-05-13,signup,1,s0385
u0385,2026-05-13,workspace_created,2,s0385
u0385,2026-05-13,invite_sent,3,s0385
u0385,2026-05-13,project_created,4,s0385
u0385,2026-05-13,activated,5,s0385
u0386,2026-05-13,signup,1,s0386
u0386,2026-05-13,workspace_created,2,s0386
u0386,2026-05-13,invite_sent,3,s0386
u0386,2026-05-13,project_created,4,s0386
u0386,2026-05-13,activated,5,s0386
u0387,2026-05-13,signup,1,s0387
u0387,2026-05-13,workspace_created,2,s0387
u0387,2026-05-13,invite_sent,3,s0387
u0388,2026-05-13,signup,1,s0388
u0388,2026-05-13,workspace_created,2,s0388
u0388,2026-05-13,invite_sent,3,s0388
u0389,2026-05-13,signup,1,s0389
u0389,2026-05-13,workspace_created,2,s0389
u0389,2026-05-13,invite_sent,3,s0389
u0390,2026-05-13,signup,1,s0390
u0390,2026-05-13,workspace_created,2,s0390
u0390,2026-05-13,invite_sent,3,s0390
u0390,2026-05-13,project_created,4,s0390
u0390,2026-05-13,activated,5,s0390
u0391,2026-05-13,signup,1,s0391
u0391,2026-05-13,workspace_created,2,s0391
u0391,2026-05-13,invite_sent,3,s0391
u0391,2026-05-13,project_created,4,s0391
u0391,2026-05-13,activated,5,s0391
u0392,2026-05-13,signup,1,s0392
u0392,2026-05-13,workspace_created,2,s0392
u0392,2026-05-13,invite_sent,3,s0392
u0392,2026-05-13,project_created,4,s0392
u0392,2026-05-13,activated,5,s0392
u0393,2026-05-13,signup,1,s0393
u0393,2026-05-13,workspace_created,2,s0393
u0394,2026-05-13,signup,1,s0394
u0394,2026-05-13,workspace_created,2,s0394
u0394,2026-05-13,invite_sent,3,s0394
u0394,2026-05-13,project_created,4,s0394
u0394,2026-05-13,activated,5,s0394
u0395,2026-05-13,signup,1,s0395
u0395,2026-05-13,workspace_created,2,s0395
u0395,2026-05-13,invite_sent,3,s0395
u0395,2026-05-13,project_created,4,s0395
u0395,2026-05-13,activated,5,s0395
u0396,2026-05-13,signup,1,s0396
u0396,2026-05-13,workspace_created,2,s0396
u0397,2026-05-14,signup,1,s0397
u0397,2026-05-14,workspace_created,2,s0397
u0397,2026-05-14,invite_sent,3,s0397
u0398,2026-05-14,signup,1,s0398
u0398,2026-05-14,workspace_created,2,s0398
u0398,2026-05-14,invite_sent,3,s0398
u0399,2026-05-14,signup,1,s0399
u0399,2026-05-14,workspace_created,2,s0399
u0399,2026-05-14,invite_sent,3,s0399
u0400,2026-05-14,signup,1,s0400
u0400,2026-05-14,workspace_created,2,s0400
u0400,2026-05-14,invite_sent,3,s0400
u0400,2026-05-14,project_created,4,s0400
u0400,2026-05-14,activated,5,s0400
u0401,2026-05-14,signup,1,s0401
u0401,2026-05-14,workspace_created,2,s0401
u0401,2026-05-14,invite_sent,3,s0401
u0401,2026-05-14,project_created,4,s0401
u0401,2026-05-14,activated,5,s0401
u0402,2026-05-14,signup,1,s0402
u0402,2026-05-14,workspace_created,2,s0402
u0402,2026-05-14,invite_sent,3,s0402
u0402,2026-05-14,project_created,4,s0402
u0402,2026-05-14,activated,5,s0402
u0403,2026-05-14,signup,1,s0403
u0403,2026-05-14,workspace_created,2,s0403
u0403,2026-05-14,invite_sent,3,s0403
u0403,2026-05-14,project_created,4,s0403
u0403,2026-05-14,activated,5,s0403
u0404,2026-05-14,signup,1,s0404
u0404,2026-05-14,workspace_created,2,s0404
u0404,2026-05-14,invite_sent,3,s0404
u0404,2026-05-14,project_created,4,s0404
u0404,2026-05-14,activated,5,s0404
u0405,2026-05-14,signup,1,s0405
u0405,2026-05-14,workspace_created,2,s0405
u0406,2026-05-14,signup,1,s0406
u0406,2026-05-14,workspace_created,2,s0406
u0406,2026-05-14,invite_sent,3,s0406
u0406,2026-05-14,project_created,4,s0406
u0406,2026-05-14,activated,5,s0406
u0407,2026-05-14,signup,1,s0407
u0407,2026-05-14,workspace_created,2,s0407
u0407,2026-05-14,invite_sent,3,s0407
u0408,2026-05-14,signup,1,s0408
u0408,2026-05-14,workspace_created,2,s0408
u0409,2026-05-15,signup,1,s0409
u0409,2026-05-15,workspace_created,2,s0409
u0409,2026-05-15,invite_sent,3,s0409
u0410,2026-05-15,signup,1,s0410
u0410,2026-05-15,workspace_created,2,s0410
u0410,2026-05-15,invite_sent,3,s0410
u0410,2026-05-15,project_created,4,s0410
u0410,2026-05-15,activated,5,s0410
u0411,2026-05-15,signup,1,s0411
u0411,2026-05-15,workspace_created,2,s0411
u0411,2026-05-15,invite_sent,3,s0411
u0411,2026-05-15,project_created,4,s0411
u0411,2026-05-15,activated,5,s0411
u0412,2026-05-15,signup,1,s0412
u0412,2026-05-15,workspace_created,2,s0412
u0412,2026-05-15,invite_sent,3,s0412
u0412,2026-05-15,project_created,4,s0412
u0412,2026-05-15,activated,5,s0412
u0413,2026-05-15,signup,1,s0413
u0413,2026-05-15,workspace_created,2,s0413
u0413,2026-05-15,invite_sent,3,s0413
u0413,2026-05-15,project_created,4,s0413
u0413,2026-05-15,activated,5,s0413
u0414,2026-05-15,signup,1,s0414
u0414,2026-05-15,workspace_created,2,s0414
u0414,2026-05-15,invite_sent,3,s0414
u0414,2026-05-15,project_created,4,s0414
u0414,2026-05-15,activated,5,s0414
u0415,2026-05-15,signup,1,s0415
u0415,2026-05-15,workspace_created,2,s0415
u0415,2026-05-15,invite_sent,3,s0415
u0415,2026-05-15,project_created,4,s0415
u0415,2026-05-15,activated,5,s0415
u0416,2026-05-15,signup,1,s0416
u0416,2026-05-15,workspace_created,2,s0416
u0416,2026-05-15,invite_sent,3,s0416
u0416,2026-05-15,project_created,4,s0416
u0416,2026-05-15,activated,5,s0416
u0417,2026-05-15,signup,1,s0417
u0417,2026-05-15,workspace_created,2,s0417
u0418,2026-05-15,signup,1,s0418
u0418,2026-05-15,workspace_created,2,s0418
u0418,2026-05-15,invite_sent,3,s0418
u0419,2026-05-15,signup,1,s0419
u0419,2026-05-15,workspace_created,2,s0419
u0419,2026-05-15,invite_sent,3,s0419
u0420,2026-05-15,signup,1,s0420
u0420,2026-05-15,workspace_created,2,s0420
u0420,2026-05-15,invite_sent,3,s0420
u0420,2026-05-15,project_created,4,s0420
u0420,2026-05-15,activated,5,s0420
u0421,2026-05-16,signup,1,s0421
u0421,2026-05-16,workspace_created,2,s0421
u0421,2026-05-16,invite_sent,3,s0421
u0421,2026-05-16,project_created,4,s0421
u0421,2026-05-16,activated,5,s0421
u0422,2026-05-16,signup,1,s0422
u0422,2026-05-16,workspace_created,2,s0422
u0422,2026-05-16,invite_sent,3,s0422
u0422,2026-05-16,project_created,4,s0422
u0422,2026-05-16,activated,5,s0422
u0423,2026-05-16,signup,1,s0423
u0423,2026-05-16,workspace_created,2,s0423
u0423,2026-05-16,invite_sent,3,s0423
u0423,2026-05-16,project_created,4,s0423
u0423,2026-05-16,activated,5,s0423
u0424,2026-05-16,signup,1,s0424
u0424,2026-05-16,workspace_created,2,s0424
u0424,2026-05-16,invite_sent,3,s0424
u0424,2026-05-16,project_created,4,s0424
u0424,2026-05-16,activated,5,s0424
u0425,2026-05-16,signup,1,s0425
u0425,2026-05-16,workspace_created,2,s0425
u0425,2026-05-16,invite_sent,3,s0425
u0425,2026-05-16,project_created,4,s0425
u0425,2026-05-16,activated,5,s0425
u0426,2026-05-16,signup,1,s0426
u0426,2026-05-16,workspace_created,2,s0426
u0426,2026-05-16,invite_sent,3,s0426
u0426,2026-05-16,project_created,4,s0426
u0426,2026-05-16,activated,5,s0426
u0427,2026-05-16,signup,1,s0427
u0427,2026-05-16,workspace_created,2,s0427
u0427,2026-05-16,invite_sent,3,s0427
u0428,2026-05-16,signup,1,s0428
u0428,2026-05-16,workspace_created,2,s0428
u0428,2026-05-16,invite_sent,3,s0428
u0429,2026-05-16,signup,1,s0429
u0429,2026-05-16,workspace_created,2,s0429
u0430,2026-05-16,signup,1,s0430
u0430,2026-05-16,workspace_created,2,s0430
u0430,2026-05-16,invite_sent,3,s0430
u0430,2026-05-16,project_created,4,s0430
u0430,2026-05-16,activated,5,s0430
u0431,2026-05-16,signup,1,s0431
u0431,2026-05-16,workspace_created,2,s0431
u0431,2026-05-16,invite_sent,3,s0431
u0431,2026-05-16,project_created,4,s0431
u0431,2026-05-16,activated,5,s0431
u0432,2026-05-16,signup,1,s0432
u0432,2026-05-16,workspace_created,2,s0432
u0432,2026-05-16,invite_sent,3,s0432
u0432,2026-05-16,project_created,4,s0432
u0432,2026-05-16,activated,5,s0432
u0433,2026-05-17,signup,1,s0433
u0433,2026-05-17,workspace_created,2,s0433
u0433,2026-05-17,invite_sent,3,s0433
u0433,2026-05-17,project_created,4,s0433
u0433,2026-05-17,activated,5,s0433
u0434,2026-05-17,signup,1,s0434
u0434,2026-05-17,workspace_created,2,s0434
u0434,2026-05-17,invite_sent,3,s0434
u0434,2026-05-17,project_created,4,s0434
u0434,2026-05-17,activated,5,s0434
u0435,2026-05-17,signup,1,s0435
u0435,2026-05-17,workspace_created,2,s0435
u0435,2026-05-17,invite_sent,3,s0435
u0435,2026-05-17,project_created,4,s0435
u0435,2026-05-17,activated,5,s0435
u0436,2026-05-17,signup,1,s0436
u0436,2026-05-17,workspace_created,2,s0436
u0436,2026-05-17,invite_sent,3,s0436
u0436,2026-05-17,project_created,4,s0436
u0436,2026-05-17,activated,5,s0436
u0437,2026-05-17,signup,1,s0437
u0437,2026-05-17,workspace_created,2,s0437
u0437,2026-05-17,invite_sent,3,s0437
u0438,2026-05-17,signup,1,s0438
u0438,2026-05-17,workspace_created,2,s0438
u0438,2026-05-17,invite_sent,3,s0438
u0439,2026-05-17,signup,1,s0439
u0439,2026-05-17,workspace_created,2,s0439
u0439,2026-05-17,invite_sent,3,s0439
u0440,2026-05-17,signup,1,s0440
u0440,2026-05-17,workspace_created,2,s0440
u0440,2026-05-17,invite_sent,3,s0440
u0440,2026-05-17,project_created,4,s0440
u0440,2026-05-17,activated,5,s0440
u0441,2026-05-17,signup,1,s0441
u0441,2026-05-17,workspace_created,2,s0441
u0441,2026-05-17,invite_sent,3,s0441
u0441,2026-05-17,project_created,4,s0441
u0441,2026-05-17,activated,5,s0441
u0442,2026-05-17,signup,1,s0442
u0442,2026-05-17,workspace_created,2,s0442
u0442,2026-05-17,invite_sent,3,s0442
u0442,2026-05-17,project_created,4,s0442
u0442,2026-05-17,activated,5,s0442
u0443,2026-05-17,signup,1,s0443
u0443,2026-05-17,workspace_created,2,s0443
u0443,2026-05-17,invite_sent,3,s0443
u0443,2026-05-17,project_created,4,s0443
u0443,2026-05-17,activated,5,s0443
u0444,2026-05-17,signup,1,s0444
u0444,2026-05-17,workspace_created,2,s0444
u0445,2026-05-18,signup,1,s0445
u0445,2026-05-18,workspace_created,2,s0445
u0445,2026-05-18,invite_sent,3,s0445
u0445,2026-05-18,project_created,4,s0445
u0445,2026-05-18,activated,5,s0445
u0446,2026-05-18,signup,1,s0446
u0446,2026-05-18,workspace_created,2,s0446
u0446,2026-05-18,invite_sent,3,s0446
u0446,2026-05-18,project_created,4,s0446
u0446,2026-05-18,activated,5,s0446
u0447,2026-05-18,signup,1,s0447
u0447,2026-05-18,workspace_created,2,s0447
u0447,2026-05-18,invite_sent,3,s0447
u0448,2026-05-18,signup,1,s0448
u0448,2026-05-18,workspace_created,2,s0448
u0448,2026-05-18,invite_sent,3,s0448
u0449,2026-05-18,signup,1,s0449
u0449,2026-05-18,workspace_created,2,s0449
u0449,2026-05-18,invite_sent,3,s0449
u0450,2026-05-18,signup,1,s0450
u0450,2026-05-18,workspace_created,2,s0450
u0450,2026-05-18,invite_sent,3,s0450
u0450,2026-05-18,project_created,4,s0450
u0450,2026-05-18,activated,5,s0450
u0451,2026-05-18,signup,1,s0451
u0451,2026-05-18,workspace_created,2,s0451
u0451,2026-05-18,invite_sent,3,s0451
u0451,2026-05-18,project_created,4,s0451
u0451,2026-05-18,activated,5,s0451
u0452,2026-05-18,signup,1,s0452
u0452,2026-05-18,workspace_created,2,s0452
u0452,2026-05-18,invite_sent,3,s0452
u0452,2026-05-18,project_created,4,s0452
u0452,2026-05-18,activated,5,s0452
u0453,2026-05-18,signup,1,s0453
u0453,2026-05-18,workspace_created,2,s0453
u0454,2026-05-18,signup,1,s0454
u0454,2026-05-18,workspace_created,2,s0454
u0454,2026-05-18,invite_sent,3,s0454
u0454,2026-05-18,project_created,4,s0454
u0454,2026-05-18,activated,5,s0454
u0455,2026-05-18,signup,1,s0455
u0455,2026-05-18,workspace_created,2,s0455
u0455,2026-05-18,invite_sent,3,s0455
u0455,2026-05-18,project_created,4,s0455
u0455,2026-05-18,activated,5,s0455
u0456,2026-05-18,signup,1,s0456
u0456,2026-05-18,workspace_created,2,s0456
u0457,2026-05-19,signup,1,s0457
u0457,2026-05-19,workspace_created,2,s0457
u0457,2026-05-19,invite_sent,3,s0457
u0458,2026-05-19,signup,1,s0458
u0458,2026-05-19,workspace_created,2,s0458
u0458,2026-05-19,invite_sent,3,s0458
u0459,2026-05-19,signup,1,s0459
u0459,2026-05-19,workspace_created,2,s0459
u0459,2026-05-19,invite_sent,3,s0459
u0460,2026-05-19,signup,1,s0460
u0460,2026-05-19,workspace_created,2,s0460
u0460,2026-05-19,invite_sent,3,s0460
u0460,2026-05-19,project_created,4,s0460
u0460,2026-05-19,activated,5,s0460
u0461,2026-05-19,signup,1,s0461
u0461,2026-05-19,workspace_created,2,s0461
u0461,2026-05-19,invite_sent,3,s0461
u0461,2026-05-19,project_created,4,s0461
u0461,2026-05-19,activated,5,s0461
u0462,2026-05-19,signup,1,s0462
u0462,2026-05-19,workspace_created,2,s0462
u0462,2026-05-19,invite_sent,3,s0462
u0462,2026-05-19,project_created,4,s0462
u0462,2026-05-19,activated,5,s0462
u0463,2026-05-19,signup,1,s0463
u0463,2026-05-19,workspace_created,2,s0463
u0463,2026-05-19,invite_sent,3,s0463
u0463,2026-05-19,project_created,4,s0463
u0463,2026-05-19,activated,5,s0463
u0464,2026-05-19,signup,1,s0464
u0464,2026-05-19,workspace_created,2,s0464
u0464,2026-05-19,invite_sent,3,s0464
u0464,2026-05-19,project_created,4,s0464
u0464,2026-05-19,activated,5,s0464
u0465,2026-05-19,signup,1,s0465
u0465,2026-05-19,workspace_created,2,s0465
u0466,2026-05-19,signup,1,s0466
u0466,2026-05-19,workspace_created,2,s0466
u0466,2026-05-19,invite_sent,3,s0466
u0466,2026-05-19,project_created,4,s0466
u0466,2026-05-19,activated,5,s0466
u0467,2026-05-19,signup,1,s0467
u0467,2026-05-19,workspace_created,2,s0467
u0467,2026-05-19,invite_sent,3,s0467
u0468,2026-05-19,signup,1,s0468
u0468,2026-05-19,workspace_created,2,s0468
u0469,2026-05-20,signup,1,s0469
u0469,2026-05-20,workspace_created,2,s0469
u0469,2026-05-20,invite_sent,3,s0469
u0470,2026-05-20,signup,1,s0470
u0470,2026-05-20,workspace_created,2,s0470
u0470,2026-05-20,invite_sent,3,s0470
u0470,2026-05-20,project_created,4,s0470
u0470,2026-05-20,activated,5,s0470
u0471,2026-05-20,signup,1,s0471
u0471,2026-05-20,workspace_created,2,s0471
u0471,2026-05-20,invite_sent,3,s0471
u0471,2026-05-20,project_created,4,s0471
u0471,2026-05-20,activated,5,s0471
u0472,2026-05-20,signup,1,s0472
u0472,2026-05-20,workspace_created,2,s0472
u0472,2026-05-20,invite_sent,3,s0472
u0472,2026-05-20,project_created,4,s0472
u0472,2026-05-20,activated,5,s0472
u0473,2026-05-20,signup,1,s0473
u0473,2026-05-20,workspace_created,2,s0473
u0473,2026-05-20,invite_sent,3,s0473
u0473,2026-05-20,project_created,4,s0473
u0473,2026-05-20,activated,5,s0473
u0474,2026-05-20,signup,1,s0474
u0474,2026-05-20,workspace_created,2,s0474
u0474,2026-05-20,invite_sent,3,s0474
u0474,2026-05-20,project_created,4,s0474
u0474,2026-05-20,activated,5,s0474
u0475,2026-05-20,signup,1,s0475
u0475,2026-05-20,workspace_created,2,s0475
u0475,2026-05-20,invite_sent,3,s0475
u0475,2026-05-20,project_created,4,s0475
u0475,2026-05-20,activated,5,s0475
u0476,2026-05-20,signup,1,s0476
u0476,2026-05-20,workspace_created,2,s0476
u0476,2026-05-20,invite_sent,3,s0476
u0476,2026-05-20,project_created,4,s0476
u0476,2026-05-20,activated,5,s0476
u0477,2026-05-20,signup,1,s0477
u0477,2026-05-20,workspace_created,2,s0477
u0478,2026-05-20,signup,1,s0478
u0478,2026-05-20,workspace_created,2,s0478
u0478,2026-05-20,invite_sent,3,s0478
u0479,2026-05-20,signup,1,s0479
u0479,2026-05-20,workspace_created,2,s0479
u0479,2026-05-20,invite_sent,3,s0479
u0480,2026-05-20,signup,1,s0480
u0480,2026-05-20,workspace_created,2,s0480
u0480,2026-05-20,invite_sent,3,s0480
u0480,2026-05-20,project_created,4,s0480
u0480,2026-05-20,activated,5,s0480
